2026-05-14T21:59:00 | LOGIN usuario=admin role=admin
2026-05-14T21:59:45 | CMD: ssh ubuntu@10.0.10.3 bash -s -- ens4 | RC=0
2026-05-14T21:59:47 | CMD: ssh ubuntu@10.0.10.1 bash -s -- ens4 | RC=0
2026-05-14T21:59:49 | CMD: ssh ubuntu@10.0.10.2 bash -s -- ens4 | RC=0
2026-05-14T22:00:20 | CMD: ssh ubuntu@10.0.10.3 bash -s -- 110 192.168.110.0/24 true 192.168.110.50,192.168.110.200,12h | RC=0
2026-05-14T22:00:24 | CMD: ssh ubuntu@10.0.10.1 bash -s -- demo1v1 br-int 110 1 | RC=0
2026-05-14T22:00:25 | CMD: ssh ubuntu@10.0.10.2 bash -s -- demo1v2 br-int 110 2 | RC=1
2026-05-14T22:00:25 | CREATE_SLICE error name=demo1 error=Formatting '/var/lib/tel141/images/demo1v2.qcow2', fmt=qcow2 size=117440512 backing_file=/var/lib/tel141/images/cirros-0.5.1-x86_64-disk.img backing_fmt=qcow2 cluster_size=65536 lazy_refcounts=off refcount_bits=16
qemu-system-x86_64: warning: host doesn't support requested feature: CPUID.80000001H:ECX.svm [bit 2]
qemu-system-x86_64: -vnc 0.0.0.0:2: Failed to find an available port: Address already in use

2026-05-14T22:00:26 | CMD: ssh ubuntu@10.0.10.1 bash -s -- demo1v1 br-int 110 1 | RC=0
2026-05-14T22:00:26 | ERROR create-slice: Formatting '/var/lib/tel141/images/demo1v2.qcow2', fmt=qcow2 size=117440512 backing_file=/var/lib/tel141/images/cirros-0.5.1-x86_64-disk.img backing_fmt=qcow2 cluster_size=65536 lazy_refcounts=off refcount_bits=16
qemu-system-x86_64: warning: host doesn't support requested feature: CPUID.80000001H:ECX.svm [bit 2]
qemu-system-x86_64: -vnc 0.0.0.0:2: Failed to find an available port: Address already in use

2026-05-14T22:08:45 | CMD: ssh ubuntu@10.0.10.3 bash -s -- 111 192.168.111.0/24 true 192.168.111.50,192.168.111.200,12h | RC=0
2026-05-14T22:08:50 | CMD: ssh ubuntu@10.0.10.1 bash -s -- demo2v1 br-int 111 1 | RC=1
2026-05-14T22:08:50 | CREATE_SLICE error name=demo2 error=Descargando imagen base CirrOS...
--2026-05-14 22:08:46--  https://download.cirros-cloud.net/0.5.1/cirros-0.5.1-x86_64-disk.img
Resolving download.cirros-cloud.net (download.cirros-cloud.net)... 69.163.176.183, 2607:f298:6:a014::c3e:9bd6
Connecting to download.cirros-cloud.net (download.cirros-cloud.net)|69.163.176.183|:443... connected.
HTTP request sent, awaiting response... 302 Found
Location: https://github.com/cirros-dev/cirros/releases/download/0.5.1/cirros-0.5.1-x86_64-disk.img [following]
--2026-05-14 22:08:46--  https://github.com/cirros-dev/cirros/releases/download/0.5.1/cirros-0.5.1-x86_64-disk.img
Resolving github.com (github.com)... 140.82.114.3
Connecting to github.com (github.com)|140.82.114.3|:443... connected.
HTTP request sent, awaiting response... 302 Found
Location: https://release-assets.githubusercontent.com/github-production-release-asset/219785102/6ebfbc00-5fb5-11ea-91bd-96a6baa1496d?sp=r&sv=2018-11-09&sr=b&spr=https&se=2026-05-14T23%3A08%3A56Z&rscd=attachment%3B+filename%3Dcirros-0.5.1-x86_64-disk.img&rsct=application%2Foctet-stream&skoid=96c2d410-5711-43a1-aedd-ab1947aa7ab0&sktid=398a6654-997b-47e9-b12b-9515b896b4de&skt=2026-05-14T22%3A08%3A44Z&ske=2026-05-14T23%3A08%3A56Z&sks=b&skv=2018-11-09&sig=gxk1ULz%2B%2B0Sha%2By6Ss9xAVXRPC8%2Bx0nBGyxylzeHzaA%3D&jwt=eyJ0eXAiOiJKV1QiLCJhbGciOiJIUzI1NiJ9.eyJpc3MiOiJnaXRodWIuY29tIiwiYXVkIjoicmVsZWFzZS1hc3NldHMuZ2l0aHVidXNlcmNvbnRlbnQuY29tIiwia2V5Ijoia2V5MSIsImV4cCI6MTc3ODc5ODMyNywibmJmIjoxNzc4Nzk2NTI3LCJwYXRoIjoicmVsZWFzZWFzc2V0cHJvZHVjdGlvbi5ibG9iLmNvcmUud2luZG93cy5uZXQifQ.yiXLebL9ovZSDAtu3mD2Cl9Fsxt0kgy6-OVOiLmvnro&response-content-disposition=attachment%3B%20filename%3Dcirros-0.5.1-x86_64-disk.img&response-content-type=application%2Foctet-stream [following]
--2026-05-14 22:08:47--  https://release-assets.githubusercontent.com/github-production-release-asset/219785102/6ebfbc00-5fb5-11ea-91bd-96a6baa1496d?sp=r&sv=2018-11-09&sr=b&spr=https&se=2026-05-14T23%3A08%3A56Z&rscd=attachment%3B+filename%3Dcirros-0.5.1-x86_64-disk.img&rsct=application%2Foctet-stream&skoid=96c2d410-5711-43a1-aedd-ab1947aa7ab0&sktid=398a6654-997b-47e9-b12b-9515b896b4de&skt=2026-05-14T22%3A08%3A44Z&ske=2026-05-14T23%3A08%3A56Z&sks=b&skv=2018-11-09&sig=gxk1ULz%2B%2B0Sha%2By6Ss9xAVXRPC8%2Bx0nBGyxylzeHzaA%3D&jwt=eyJ0eXAiOiJKV1QiLCJhbGciOiJIUzI1NiJ9.eyJpc3MiOiJnaXRodWIuY29tIiwiYXVkIjoicmVsZWFzZS1hc3NldHMuZ2l0aHVidXNlcmNvbnRlbnQuY29tIiwia2V5Ijoia2V5MSIsImV4cCI6MTc3ODc5ODMyNywibmJmIjoxNzc4Nzk2NTI3LCJwYXRoIjoicmVsZWFzZWFzc2V0cHJvZHVjdGlvbi5ibG9iLmNvcmUud2luZG93cy5uZXQifQ.yiXLebL9ovZSDAtu3mD2Cl9Fsxt0kgy6-OVOiLmvnro&response-content-disposition=attachment%3B%20filename%3Dcirros-0.5.1-x86_64-disk.img&response-content-type=application%2Foctet-stream
Resolving release-assets.githubusercontent.com (release-assets.githubusercontent.com)... 185.199.110.133, 185.199.108.133, 185.199.109.133, ...
Connecting to release-assets.githubusercontent.com (release-assets.githubusercontent.com)|185.199.110.133|:443... connected.
HTTP request sent, awaiting response... 200 OK
Length: 16338944 (16M) [application/octet-stream]
Saving to: ‘/var/lib/tel141/images/cirros-0.5.1-x86_64-disk.img’

     0K .......... .......... .......... .......... ..........  0% 1.68M 9s
    50K .......... .......... .......... .......... ..........  0% 2.58M 8s
   100K .......... .......... .......... .......... ..........  0% 9.64M 6s
   150K .......... .......... .......... .......... ..........  1% 14.2M 4s
   200K .......... .......... .......... .......... ..........  1% 18.5M 4s
   250K .......... .......... .......... .......... ..........  1% 15.8M 3s
   300K .......... .......... .......... .......... ..........  2% 11.6M 3s
   350K .......... .......... .......... .......... ..........  2% 7.17M 3s
   400K .......... .......... .......... .......... ..........  2% 12.2M 3s
   450K .......... .......... .......... .......... ..........  3% 12.1M 3s
   500K .......... .......... .......... .......... ..........  3% 12.2M 2s
   550K .......... .......... .......... .......... ..........  3% 6.89M 2s
   600K .......... .......... .......... .......... ..........  4% 10.7M 2s
   650K .......... .......... .......... .......... ..........  4% 7.82M 2s
   700K .......... .......... .......... .......... ..........  4% 5.76M 2s
   750K .......... .......... .......... .......... ..........  5% 8.94M 2s
   800K .......... .......... .......... .......... ..........  5% 9.17M 2s
   850K .......... .......... .......... .......... ..........  5% 5.36M 2s
   900K .......... .......... .......... .......... ..........  5% 11.4M 2s
   950K .......... .......... .......... .......... ..........  6% 8.76M 2s
  1000K .......... .......... .......... .......... ..........  6% 10.1M 2s
  1050K .......... .......... .......... .......... ..........  6% 8.51M 2s
  1100K .......... .......... .......... .......... ..........  7% 3.80M 2s
  1150K .......... .......... .......... .......... ..........  7% 4.46M 2s
  1200K .......... .......... .......... .......... ..........  7% 4.18M 2s
  1250K .......... .......... .......... .......... ..........  8% 4.71M 2s
  1300K .......... .......... .......... .......... ..........  8% 5.00M 2s
  1350K .......... .......... .......... .......... ..........  8% 16.5M 2s
  1400K .......... .......... .......... .......... ..........  9% 17.3M 2s
  1450K .......... .......... .......... .......... ..........  9% 5.43M 2s
  1500K .......... .......... .......... .......... ..........  9% 6.05M 2s
  1550K .......... .......... .......... .......... .......... 10% 11.6M 2s
  1600K .......... .......... .......... .......... .......... 10% 5.02M 2s
  1650K .......... .......... .......... .......... .......... 10% 6.72M 2s
  1700K .......... .......... .......... .......... .......... 10% 6.28M 2s
  1750K .......... .......... .......... .......... .......... 11% 6.67M 2s
  1800K .......... .......... .......... .......... .......... 11% 6.94M 2s
  1850K .......... .......... .......... .......... .......... 11% 6.80M 2s
  1900K .......... .......... .......... .......... .......... 12% 9.18M 2s
  1950K .......... .......... .......... .......... .......... 12% 11.6M 2s
  2000K .......... .......... .......... .......... .......... 12% 7.10M 2s
  2050K .......... .......... .......... .......... .......... 13% 7.79M 2s
  2100K .......... .......... .......... .......... .......... 13% 8.77M 2s
  2150K .......... .......... .......... .......... .......... 13% 8.55M 2s
  2200K .......... .......... .......... .......... .......... 14% 8.09M 2s
  2250K .......... .......... .......... .......... .......... 14% 7.53M 2s
  2300K .......... .......... .......... .......... .......... 14% 7.92M 2s
  2350K .......... .......... .......... .......... .......... 15% 18.1M 2s
  2400K .......... .......... .......... .......... .......... 15% 25.1M 2s
  2450K .......... .......... .......... .......... .......... 15% 20.9M 2s
  2500K .......... .......... .......... .......... .......... 15% 17.7M 2s
  2550K .......... .......... .......... .......... .......... 16% 25.0M 2s
  2600K .......... .......... .......... .......... .......... 16% 19.6M 2s
  2650K .......... .......... .......... .......... .......... 16% 17.7M 2s
  2700K .......... .......... .......... .......... .......... 17% 17.5M 2s
  2750K .......... .......... .......... .......... .......... 17% 22.1M 2s
  2800K .......... .......... .......... .......... .......... 17% 13.6M 2s
  2850K .......... .......... .......... .......... .......... 18% 10.3M 2s
  2900K .......... .......... .......... .......... .......... 18% 12.8M 2s
  2950K .......... .......... .......... .......... .......... 18% 16.7M 2s
  3000K .......... .......... .......... .......... .......... 19% 17.3M 2s
  3050K .......... .......... .......... .......... .......... 19% 13.2M 2s
  3100K .......... .......... .......... .......... .......... 19% 12.7M 2s
  3150K .......... .......... .......... .......... .......... 20% 12.3M 2s
  3200K .......... .......... .......... .......... .......... 20% 16.4M 2s
  3250K .......... .......... .......... .......... .......... 20% 6.93M 2s
  3300K .......... .......... .......... .......... .......... 20% 11.9M 2s
  3350K .......... .......... .......... .......... .......... 21% 11.6M 1s
  3400K .......... .......... .......... .......... .......... 21% 11.7M 1s
  3450K .......... .......... .......... .......... .......... 21% 9.08M 1s
  3500K .......... .......... .......... .......... .......... 22% 7.51M 1s
  3550K .......... .......... .......... .......... .......... 22% 7.77M 1s
  3600K .......... .......... .......... .......... .......... 22% 5.30M 1s
  3650K .......... .......... .......... .......... .......... 23% 6.37M 1s
  3700K .......... .......... .......... .......... .......... 23% 3.69M 1s
  3750K .......... .......... .......... .......... .......... 23% 3.83M 1s
  3800K .......... .......... .......... .......... .......... 24% 2.17M 2s
  3850K .......... .......... .......... .......... .......... 24% 1.63M 2s
  3900K .......... .......... .......... .......... .......... 24% 5.32M 2s
  3950K .......... .......... .......... .......... .......... 25% 6.75M 2s
  4000K .......... .......... .......... .......... .......... 25% 6.25M 2s
  4050K .......... .......... .......... .......... .......... 25% 7.66M 2s
  4100K .......... .......... .......... .......... .......... 26% 6.51M 2s
  4150K .......... .......... .......... .......... .......... 26% 2.50M 2s
  4200K .......... .......... .......... .......... .......... 26% 6.41M 2s
  4250K .......... .......... .......... .......... .......... 26% 3.69M 2s
  4300K .......... .......... .......... .......... .......... 27% 3.49M 2s
  4350K .......... .......... .......... .......... .......... 27% 3.29M 2s
  4400K .......... .......... .......... .......... .......... 27% 3.45M 2s
  4450K .......... .......... .......... .......... .......... 28%  765K 2s
  4500K .......... .......... .......... .......... .......... 28% 1.23M 2s
  4550K .......... .......... .......... .......... .......... 28% 2.88M 2s
  4600K .......... .......... .......... .......... .......... 29% 1.72M 2s
  4650K .......... .......... .......... .......... .......... 29% 2.04M 2s
  4700K .......... .......... .......... .......... .......... 29% 6.69M 2s
  4750K .......... .......... .......... .......... .......... 30% 7.47M 2s
  4800K .......... .......... .......... .......... .......... 30% 7.77M 2s
  4850K .......... .......... .......... .......... .......... 30% 10.3M 2s
  4900K .......... .......... .......... .......... .......... 31% 7.82M 2s
  4950K .......... .......... .......... .......... .......... 31%  227K 2s
  5000K .......... .......... .......... .......... .......... 31% 7.11M 2s
  5050K .......... .......... .......... .......... .......... 31% 3.36M 2s
  5100K .......... .......... .......... .......... .......... 32% 5.12M 2s
  5150K .......... .......... .......... .......... .......... 32% 7.19M 2s
  5200K .......... .......... .......... .......... .......... 32% 7.02M 2s
  5250K .......... .......... .......... .......... .......... 33% 6.88M 2s
  5300K .......... .......... .......... .......... .......... 33% 6.43M 2s
  5350K .......... .......... .......... .......... .......... 33% 17.7M 2s
  5400K .......... .......... .......... .......... .......... 34% 20.5M 2s
  5450K .......... .......... .......... .......... .......... 34% 21.0M 2s
  5500K .......... .......... .......... .......... .......... 34%  226K 3s
  5550K .......... .......... .......... .......... .......... 35% 10.3M 3s
  5600K .......... .......... .......... .......... .......... 35% 13.8M 2s
  5650K .......... .......... .......... .......... .......... 35% 16.8M 2s
  5700K .......... .......... .......... .......... .......... 36% 13.1M 2s
  5750K .......... .......... .......... .......... .......... 36% 29.0M 2s
  5800K .......... .......... .......... .......... .......... 36% 14.9M 2s
  5850K .......... .......... .......... .......... .......... 36% 14.0M 2s
  5900K .......... .......... .......... .......... .......... 37% 12.4M 2s
  5950K .......... .......... .......... .......... .......... 37% 17.1M 2s
  6000K .......... .......... .......... .......... .......... 37% 7.66M 2s
  6050K .......... .......... .......... .......... .......... 38% 11.6M 2s
  6100K .......... .......... .......... .......... .......... 38% 4.04M 2s
  6150K .......... .......... .......... .......... .......... 38% 7.19M 2s
  6200K .......... .......... .......... .......... .......... 39% 8.80M 2s
  6250K .......... .......... .......... .......... .......... 39% 8.16M 2s
  6300K .......... .......... .......... .......... .......... 39% 4.68M 2s
  6350K .......... .......... .......... .......... .......... 40% 4.88M 2s
  6400K .......... .......... .......... .......... .......... 40%  530K 2s
  6450K .......... .......... .......... .......... .......... 40% 3.42M 2s
  6500K .......... .......... .......... .......... .......... 41% 4.03M 2s
  6550K .......... .......... .......... .......... .......... 41% 4.05M 2s
  6600K .......... .......... .......... .......... .......... 41% 9.09M 2s
  6650K .......... .......... .......... .......... .......... 41% 5.45M 2s
  6700K .......... .......... .......... .......... .......... 42% 4.97M 2s
  6750K .......... .......... .......... .......... .......... 42% 8.11M 2s
  6800K .......... .......... .......... .......... .......... 42% 8.12M 2s
  6850K .......... .......... .......... .......... .......... 43% 4.16M 2s
  6900K .......... .......... .......... .......... .......... 43% 5.26M 2s
  6950K .......... .......... .......... .......... .......... 43% 5.99M 2s
  7000K .......... .......... .......... .......... .......... 44% 6.35M 2s
  7050K .......... .......... .......... .......... .......... 44% 5.45M 2s
  7100K .......... .......... .......... .......... .......... 44% 4.01M 2s
  7150K .......... .......... .......... .......... .......... 45% 9.30M 2s
  7200K .......... .......... .......... .......... .......... 45% 15.6M 2s
  7250K .......... .......... .......... .......... .......... 45% 11.6M 2s
  7300K .......... .......... .......... .......... .......... 46% 11.0M 2s
  7350K .......... .......... .......... .......... .......... 46% 11.4M 2s
  7400K .......... .......... .......... .......... .......... 46% 15.9M 2s
  7450K .......... .......... .......... .......... .......... 47% 10.5M 2s
  7500K .......... .......... .......... .......... .......... 47% 10.1M 2s
  7550K .......... .......... .......... .......... .......... 47% 14.3M 2s
  7600K .......... .......... .......... .......... .......... 47% 22.7M 2s
  7650K .......... .......... .......... .......... .......... 48% 18.7M 2s
  7700K .......... .......... .......... .......... .......... 48% 24.2M 2s
  7750K .......... .......... .......... .......... .......... 48% 18.8M 2s
  7800K .......... .......... .......... .......... .......... 49% 25.9M 2s
  7850K .......... .......... .......... .......... .......... 49% 31.0M 2s
  7900K .......... .......... .......... .......... .......... 49% 15.1M 2s
  7950K .......... .......... .......... .......... .......... 50% 9.64M 2s
  8000K .......... .......... .......... .......... .......... 50% 4.73M 2s
  8050K .......... .......... .......... .......... .......... 50% 13.1M 2s
  8100K .......... .......... .......... .......... .......... 51% 10.4M 2s
  8150K .......... .......... .......... .......... .......... 51% 11.6M 2s
  8200K .......... .......... .......... .......... .......... 51% 6.00M 2s
  8250K .......... .......... .......... .......... .......... 52% 11.6M 2s
  8300K .......... .......... .......... .......... .......... 52% 6.93M 2s
  8350K .......... .......... .......... .......... .......... 52% 9.09M 2s
  8400K .......... .......... .......... .......... .......... 52% 10.8M 2s
  8450K .......... .......... .......... .......... .......... 53% 9.85M 2s
  8500K .......... .......... .......... .......... .......... 53% 8.43M 2s
  8550K .......... .......... .......... .......... .......... 53% 11.3M 2s
  8600K .......... .......... .......... .......... .......... 54% 17.2M 2s
  8650K .......... .......... .......... .......... .......... 54% 3.00M 2s
  8700K .......... .......... .......... .......... .......... 54% 7.74M 2s
  8750K .......... .......... .......... .......... .......... 55% 9.78M 1s
  8800K .......... .......... .......... .......... .......... 55% 12.2M 1s
  8850K .......... .......... .......... .......... .......... 55% 6.29M 1s
  8900K .......... .......... .......... .......... .......... 56% 6.10M 1s
  8950K .......... .......... .......... .......... .......... 56% 9.32M 1s
  9000K .......... .......... .......... .......... .......... 56% 7.24M 1s
  9050K .......... .......... .......... .......... .......... 57% 8.22M 1s
  9100K .......... .......... .......... .......... .......... 57% 6.22M 1s
  9150K .......... .......... .......... .......... .......... 57% 14.7M 1s
  9200K .......... .......... .......... .......... .......... 57% 19.4M 1s
  9250K .......... .......... .......... .......... .......... 58% 16.2M 1s
  9300K .......... .......... .......... .......... .......... 58% 21.6M 1s
  9350K .......... .......... .......... .......... .......... 58% 13.7M 1s
  9400K .......... .......... .......... .......... .......... 59% 17.4M 1s
  9450K .......... .......... .......... .......... .......... 59% 20.0M 1s
  9500K .......... .......... .......... .......... .......... 59% 22.3M 1s
  9550K .......... .......... .......... .......... .......... 60% 17.5M 1s
  9600K .......... .......... .......... .......... .......... 60% 20.1M 1s
  9650K .......... .......... .......... .......... .......... 60% 17.7M 1s
  9700K .......... .......... .......... .......... .......... 61% 18.0M 1s
  9750K .......... .......... .......... .......... .......... 61% 17.5M 1s
  9800K .......... .......... .......... .......... .......... 61% 10.9M 1s
  9850K .......... .......... .......... .......... .......... 62% 14.4M 1s
  9900K .......... .......... .......... .......... .......... 62% 8.19M 1s
  9950K .......... .......... .......... .......... .......... 62% 11.7M 1s
 10000K .......... .......... .......... .......... .......... 62% 14.3M 1s
 10050K .......... .......... .......... .......... .......... 63% 12.9M 1s
 10100K .......... .......... .......... .......... .......... 63% 9.26M 1s
 10150K .......... .......... .......... .......... .......... 63% 11.0M 1s
 10200K .......... .......... .......... .......... .......... 64% 10.8M 1s
 10250K .......... .......... .......... .......... .......... 64% 11.4M 1s
 10300K .......... .......... .......... .......... .......... 64% 9.23M 1s
 10350K .......... .......... .......... .......... .......... 65% 3.62M 1s
 10400K .......... .......... .......... .......... .......... 65% 6.00M 1s
 10450K .......... .......... .......... .......... .......... 65% 6.04M 1s
 10500K .......... .......... .......... .......... .......... 66% 5.49M 1s
 10550K .......... .......... .......... .......... .......... 66% 4.19M 1s
 10600K .......... .......... .......... .......... .......... 66% 3.93M 1s
 10650K .......... .......... .......... .......... .......... 67% 4.09M 1s
 10700K .......... .......... .......... .......... .......... 67% 5.71M 1s
 10750K .......... .......... .......... .......... .......... 67% 15.5M 1s
 10800K .......... .......... .......... .......... .......... 67% 8.73M 1s
 10850K .......... .......... .......... .......... .......... 68% 12.7M 1s
 10900K .......... .......... .......... .......... .......... 68% 8.24M 1s
 10950K .......... .......... .......... .......... .......... 68% 7.51M 1s
 11000K .......... .......... .......... .......... .......... 69% 7.73M 1s
 11050K .......... .......... .......... .......... .......... 69% 5.58M 1s
 11100K .......... .......... .......... .......... .......... 69% 4.83M 1s
 11150K .......... .......... .......... .......... .......... 70% 4.58M 1s
 11200K .......... .......... .......... .......... .......... 70% 3.73M 1s
 11250K .......... .......... .......... .......... .......... 70% 4.20M 1s
 11300K .......... .......... .......... .......... .......... 71% 2.32M 1s
 11350K .......... .......... .......... .......... .......... 71% 1.98M 1s
 11400K .......... .......... .......... .......... .......... 71% 5.84M 1s
 11450K .......... .......... .......... .......... .......... 72% 5.93M 1s
 11500K .......... .......... .......... .......... .......... 72% 3.16M 1s
 11550K .......... .......... .......... .......... .......... 72% 5.27M 1s
 11600K .......... .......... .......... .......... .......... 73% 5.65M 1s
 11650K .......... .......... .......... .......... .......... 73% 4.76M 1s
 11700K .......... .......... .......... .......... .......... 73% 4.47M 1s
 11750K .......... .......... .......... .......... .......... 73% 4.39M 1s
 11800K .......... .......... .......... .......... .......... 74% 7.01M 1s
 11850K .......... .......... .......... .......... .......... 74% 8.99M 1s
 11900K .......... .......... .......... .......... .......... 74% 3.53M 1s
 11950K .......... .......... .......... .......... .......... 75% 6.48M 1s
 12000K .......... .......... .......... .......... .......... 75% 6.14M 1s
 12050K .......... .......... .......... .......... .......... 75% 6.04M 1s
 12100K .......... .......... .......... .......... .......... 76% 3.48M 1s
 12150K .......... .......... .......... .......... .......... 76% 3.57M 1s
 12200K .......... .......... .......... .......... .......... 76% 3.83M 1s
 12250K .......... .......... .......... .......... .......... 77% 2.55M 1s
 12300K .......... .......... .......... .......... .......... 77% 1.61M 1s
 12350K .......... .......... .......... .......... .......... 77% 6.36M 1s
 12400K .......... .......... .......... .......... .......... 78% 8.13M 1s
 12450K .......... .......... .......... .......... .......... 78% 4.93M 1s
 12500K .......... .......... .......... .......... .......... 78% 5.84M 1s
 12550K .......... .......... .......... .......... .......... 78% 5.36M 1s
 12600K .......... .......... .......... .......... .......... 79% 4.76M 1s
 12650K .......... .......... .......... .......... .......... 79% 2.93M 1s
 12700K .......... .......... .......... .......... .......... 79% 3.03M 1s
 12750K .......... .......... .......... .......... .......... 80% 4.54M 1s
 12800K .......... .......... .......... .......... .......... 80% 11.3M 1s
 12850K .......... .......... .......... .......... .......... 80% 14.1M 1s
 12900K .......... .......... .......... .......... .......... 81% 13.2M 1s
 12950K .......... .......... .......... .......... .......... 81% 16.6M 1s
 13000K .......... .......... .......... .......... .......... 81% 9.75M 1s
 13050K .......... .......... .......... .......... .......... 82% 5.63M 1s
 13100K .......... .......... .......... .......... .......... 82% 6.72M 1s
 13150K .......... .......... .......... .......... .......... 82% 8.01M 1s
 13200K .......... .......... .......... .......... .......... 83% 7.92M 1s
 13250K .......... .......... .......... .......... .......... 83% 7.80M 1s
 13300K .......... .......... .......... .......... .......... 83% 6.77M 0s
 13350K .......... .......... .......... .......... .......... 83% 12.9M 0s
 13400K .......... .......... .......... .......... .......... 84% 17.6M 0s
 13450K .......... .......... .......... .......... .......... 84% 11.6M 0s
 13500K .......... .......... .......... .......... .......... 84% 8.44M 0s
 13550K .......... .......... .......... .......... .......... 85% 12.4M 0s
 13600K .......... .......... .......... .......... .......... 85% 3.86M 0s
 13650K .......... .......... .......... .......... .......... 85% 6.18M 0s
 13700K .......... .......... .......... .......... .......... 86% 6.67M 0s
 13750K .......... .......... .......... .......... .......... 86% 5.08M 0s
 13800K .......... .......... .......... .......... .......... 86% 6.19M 0s
 13850K .......... .......... .......... .......... .......... 87% 2.68M 0s
 13900K .......... .......... .......... .......... .......... 87% 4.88M 0s
 13950K .......... .......... .......... .......... .......... 87% 11.8M 0s
 14000K .......... .......... .......... .......... .......... 88% 12.6M 0s
 14050K .......... .......... .......... .......... .......... 88% 12.4M 0s
 14100K .......... .......... .......... .......... .......... 88% 11.0M 0s
 14150K .......... .......... .......... .......... .......... 88% 16.9M 0s
 14200K .......... .......... .......... .......... .......... 89% 12.9M 0s
 14250K .......... .......... .......... .......... .......... 89% 14.3M 0s
 14300K .......... .......... .......... .......... .......... 89% 8.87M 0s
 14350K .......... .......... .......... .......... .......... 90% 14.7M 0s
 14400K .......... .......... .......... .......... .......... 90% 21.9M 0s
 14450K .......... .......... .......... .......... .......... 90% 18.5M 0s
 14500K .......... .......... .......... .......... .......... 91% 19.7M 0s
 14550K .......... .......... .......... .......... .......... 91% 24.1M 0s
 14600K .......... .......... .......... .......... .......... 91% 21.7M 0s
 14650K .......... .......... .......... .......... .......... 92% 44.8M 0s
 14700K .......... .......... .......... .......... .......... 92% 19.5M 0s
 14750K .......... .......... .......... .......... .......... 92% 19.6M 0s
 14800K .......... .......... .......... .......... .......... 93% 25.0M 0s
 14850K .......... .......... .......... .......... .......... 93% 22.6M 0s
 14900K .......... .......... .......... .......... .......... 93% 26.6M 0s
 14950K .......... .......... .......... .......... .......... 94% 18.1M 0s
 15000K .......... .......... .......... .......... .......... 94% 15.5M 0s
 15050K .......... .......... .......... .......... .......... 94% 34.1M 0s
 15100K .......... .......... .......... .......... .......... 94% 15.3M 0s
 15150K .......... .......... .......... .......... .......... 95% 32.4M 0s
 15200K .......... .......... .......... .......... .......... 95% 19.5M 0s
 15250K .......... .......... .......... .......... .......... 95% 44.4M 0s
 15300K .......... .......... .......... .......... .......... 96% 27.6M 0s
 15350K .......... .......... .......... .......... .......... 96% 27.6M 0s
 15400K .......... .......... .......... .......... .......... 96% 27.1M 0s
 15450K .......... .......... .......... .......... .......... 97% 53.4M 0s
 15500K .......... .......... .......... .......... .......... 97% 26.4M 0s
 15550K .......... .......... .......... .......... .......... 97% 30.3M 0s
 15600K .......... .......... .......... .......... .......... 98% 49.2M 0s
 15650K .......... .......... .......... .......... .......... 98% 24.6M 0s
 15700K .......... .......... .......... .......... .......... 98% 25.5M 0s
 15750K .......... .......... .......... .......... .......... 99% 25.0M 0s
 15800K .......... .......... .......... .......... .......... 99% 53.0M 0s
 15850K .......... .......... .......... .......... .......... 99% 24.7M 0s
 15900K .......... .......... .......... .......... .......... 99% 17.7M 0s
 15950K ......                                                100% 11444G=2.7s

2026-05-14 22:08:50 (5.68 MB/s) - ‘/var/lib/tel141/images/cirros-0.5.1-x86_64-disk.img’ saved [16338944/16338944]

Formatting '/var/lib/tel141/images/demo2v1.qcow2', fmt=qcow2 size=117440512 backing_file=/var/lib/tel141/images/cirros-0.5.1-x86_64-disk.img backing_fmt=qcow2 cluster_size=65536 lazy_refcounts=off refcount_bits=16
qemu-system-x86_64: warning: host doesn't support requested feature: CPUID.80000001H:ECX.svm [bit 2]
qemu-system-x86_64: -vnc 0.0.0.0:1: Failed to find an available port: Address already in use

2026-05-14T22:08:50 | ERROR create-slice: Descargando imagen base CirrOS...
--2026-05-14 22:08:46--  https://download.cirros-cloud.net/0.5.1/cirros-0.5.1-x86_64-disk.img
Resolving download.cirros-cloud.net (download.cirros-cloud.net)... 69.163.176.183, 2607:f298:6:a014::c3e:9bd6
Connecting to download.cirros-cloud.net (download.cirros-cloud.net)|69.163.176.183|:443... connected.
HTTP request sent, awaiting response... 302 Found
Location: https://github.com/cirros-dev/cirros/releases/download/0.5.1/cirros-0.5.1-x86_64-disk.img [following]
--2026-05-14 22:08:46--  https://github.com/cirros-dev/cirros/releases/download/0.5.1/cirros-0.5.1-x86_64-disk.img
Resolving github.com (github.com)... 140.82.114.3
Connecting to github.com (github.com)|140.82.114.3|:443... connected.
HTTP request sent, awaiting response... 302 Found
Location: https://release-assets.githubusercontent.com/github-production-release-asset/219785102/6ebfbc00-5fb5-11ea-91bd-96a6baa1496d?sp=r&sv=2018-11-09&sr=b&spr=https&se=2026-05-14T23%3A08%3A56Z&rscd=attachment%3B+filename%3Dcirros-0.5.1-x86_64-disk.img&rsct=application%2Foctet-stream&skoid=96c2d410-5711-43a1-aedd-ab1947aa7ab0&sktid=398a6654-997b-47e9-b12b-9515b896b4de&skt=2026-05-14T22%3A08%3A44Z&ske=2026-05-14T23%3A08%3A56Z&sks=b&skv=2018-11-09&sig=gxk1ULz%2B%2B0Sha%2By6Ss9xAVXRPC8%2Bx0nBGyxylzeHzaA%3D&jwt=eyJ0eXAiOiJKV1QiLCJhbGciOiJIUzI1NiJ9.eyJpc3MiOiJnaXRodWIuY29tIiwiYXVkIjoicmVsZWFzZS1hc3NldHMuZ2l0aHVidXNlcmNvbnRlbnQuY29tIiwia2V5Ijoia2V5MSIsImV4cCI6MTc3ODc5ODMyNywibmJmIjoxNzc4Nzk2NTI3LCJwYXRoIjoicmVsZWFzZWFzc2V0cHJvZHVjdGlvbi5ibG9iLmNvcmUud2luZG93cy5uZXQifQ.yiXLebL9ovZSDAtu3mD2Cl9Fsxt0kgy6-OVOiLmvnro&response-content-disposition=attachment%3B%20filename%3Dcirros-0.5.1-x86_64-disk.img&response-content-type=application%2Foctet-stream [following]
--2026-05-14 22:08:47--  https://release-assets.githubusercontent.com/github-production-release-asset/219785102/6ebfbc00-5fb5-11ea-91bd-96a6baa1496d?sp=r&sv=2018-11-09&sr=b&spr=https&se=2026-05-14T23%3A08%3A56Z&rscd=attachment%3B+filename%3Dcirros-0.5.1-x86_64-disk.img&rsct=application%2Foctet-stream&skoid=96c2d410-5711-43a1-aedd-ab1947aa7ab0&sktid=398a6654-997b-47e9-b12b-9515b896b4de&skt=2026-05-14T22%3A08%3A44Z&ske=2026-05-14T23%3A08%3A56Z&sks=b&skv=2018-11-09&sig=gxk1ULz%2B%2B0Sha%2By6Ss9xAVXRPC8%2Bx0nBGyxylzeHzaA%3D&jwt=eyJ0eXAiOiJKV1QiLCJhbGciOiJIUzI1NiJ9.eyJpc3MiOiJnaXRodWIuY29tIiwiYXVkIjoicmVsZWFzZS1hc3NldHMuZ2l0aHVidXNlcmNvbnRlbnQuY29tIiwia2V5Ijoia2V5MSIsImV4cCI6MTc3ODc5ODMyNywibmJmIjoxNzc4Nzk2NTI3LCJwYXRoIjoicmVsZWFzZWFzc2V0cHJvZHVjdGlvbi5ibG9iLmNvcmUud2luZG93cy5uZXQifQ.yiXLebL9ovZSDAtu3mD2Cl9Fsxt0kgy6-OVOiLmvnro&response-content-disposition=attachment%3B%20filename%3Dcirros-0.5.1-x86_64-disk.img&response-content-type=application%2Foctet-stream
Resolving release-assets.githubusercontent.com (release-assets.githubusercontent.com)... 185.199.110.133, 185.199.108.133, 185.199.109.133, ...
Connecting to release-assets.githubusercontent.com (release-assets.githubusercontent.com)|185.199.110.133|:443... connected.
HTTP request sent, awaiting response... 200 OK
Length: 16338944 (16M) [application/octet-stream]
Saving to: ‘/var/lib/tel141/images/cirros-0.5.1-x86_64-disk.img’

     0K .......... .......... .......... .......... ..........  0% 1.68M 9s
    50K .......... .......... .......... .......... ..........  0% 2.58M 8s
   100K .......... .......... .......... .......... ..........  0% 9.64M 6s
   150K .......... .......... .......... .......... ..........  1% 14.2M 4s
   200K .......... .......... .......... .......... ..........  1% 18.5M 4s
   250K .......... .......... .......... .......... ..........  1% 15.8M 3s
   300K .......... .......... .......... .......... ..........  2% 11.6M 3s
   350K .......... .......... .......... .......... ..........  2% 7.17M 3s
   400K .......... .......... .......... .......... ..........  2% 12.2M 3s
   450K .......... .......... .......... .......... ..........  3% 12.1M 3s
   500K .......... .......... .......... .......... ..........  3% 12.2M 2s
   550K .......... .......... .......... .......... ..........  3% 6.89M 2s
   600K .......... .......... .......... .......... ..........  4% 10.7M 2s
   650K .......... .......... .......... .......... ..........  4% 7.82M 2s
   700K .......... .......... .......... .......... ..........  4% 5.76M 2s
   750K .......... .......... .......... .......... ..........  5% 8.94M 2s
   800K .......... .......... .......... .......... ..........  5% 9.17M 2s
   850K .......... .......... .......... .......... ..........  5% 5.36M 2s
   900K .......... .......... .......... .......... ..........  5% 11.4M 2s
   950K .......... .......... .......... .......... ..........  6% 8.76M 2s
  1000K .......... .......... .......... .......... ..........  6% 10.1M 2s
  1050K .......... .......... .......... .......... ..........  6% 8.51M 2s
  1100K .......... .......... .......... .......... ..........  7% 3.80M 2s
  1150K .......... .......... .......... .......... ..........  7% 4.46M 2s
  1200K .......... .......... .......... .......... ..........  7% 4.18M 2s
  1250K .......... .......... .......... .......... ..........  8% 4.71M 2s
  1300K .......... .......... .......... .......... ..........  8% 5.00M 2s
  1350K .......... .......... .......... .......... ..........  8% 16.5M 2s
  1400K .......... .......... .......... .......... ..........  9% 17.3M 2s
  1450K .......... .......... .......... .......... ..........  9% 5.43M 2s
  1500K .......... .......... .......... .......... ..........  9% 6.05M 2s
  1550K .......... .......... .......... .......... .......... 10% 11.6M 2s
  1600K .......... .......... .......... .......... .......... 10% 5.02M 2s
  1650K .......... .......... .......... .......... .......... 10% 6.72M 2s
  1700K .......... .......... .......... .......... .......... 10% 6.28M 2s
  1750K .......... .......... .......... .......... .......... 11% 6.67M 2s
  1800K .......... .......... .......... .......... .......... 11% 6.94M 2s
  1850K .......... .......... .......... .......... .......... 11% 6.80M 2s
  1900K .......... .......... .......... .......... .......... 12% 9.18M 2s
  1950K .......... .......... .......... .......... .......... 12% 11.6M 2s
  2000K .......... .......... .......... .......... .......... 12% 7.10M 2s
  2050K .......... .......... .......... .......... .......... 13% 7.79M 2s
  2100K .......... .......... .......... .......... .......... 13% 8.77M 2s
  2150K .......... .......... .......... .......... .......... 13% 8.55M 2s
  2200K .......... .......... .......... .......... .......... 14% 8.09M 2s
  2250K .......... .......... .......... .......... .......... 14% 7.53M 2s
  2300K .......... .......... .......... .......... .......... 14% 7.92M 2s
  2350K .......... .......... .......... .......... .......... 15% 18.1M 2s
  2400K .......... .......... .......... .......... .......... 15% 25.1M 2s
  2450K .......... .......... .......... .......... .......... 15% 20.9M 2s
  2500K .......... .......... .......... .......... .......... 15% 17.7M 2s
  2550K .......... .......... .......... .......... .......... 16% 25.0M 2s
  2600K .......... .......... .......... .......... .......... 16% 19.6M 2s
  2650K .......... .......... .......... .......... .......... 16% 17.7M 2s
  2700K .......... .......... .......... .......... .......... 17% 17.5M 2s
  2750K .......... .......... .......... .......... .......... 17% 22.1M 2s
  2800K .......... .......... .......... .......... .......... 17% 13.6M 2s
  2850K .......... .......... .......... .......... .......... 18% 10.3M 2s
  2900K .......... .......... .......... .......... .......... 18% 12.8M 2s
  2950K .......... .......... .......... .......... .......... 18% 16.7M 2s
  3000K .......... .......... .......... .......... .......... 19% 17.3M 2s
  3050K .......... .......... .......... .......... .......... 19% 13.2M 2s
  3100K .......... .......... .......... .......... .......... 19% 12.7M 2s
  3150K .......... .......... .......... .......... .......... 20% 12.3M 2s
  3200K .......... .......... .......... .......... .......... 20% 16.4M 2s
  3250K .......... .......... .......... .......... .......... 20% 6.93M 2s
  3300K .......... .......... .......... .......... .......... 20% 11.9M 2s
  3350K .......... .......... .......... .......... .......... 21% 11.6M 1s
  3400K .......... .......... .......... .......... .......... 21% 11.7M 1s
  3450K .......... .......... .......... .......... .......... 21% 9.08M 1s
  3500K .......... .......... .......... .......... .......... 22% 7.51M 1s
  3550K .......... .......... .......... .......... .......... 22% 7.77M 1s
  3600K .......... .......... .......... .......... .......... 22% 5.30M 1s
  3650K .......... .......... .......... .......... .......... 23% 6.37M 1s
  3700K .......... .......... .......... .......... .......... 23% 3.69M 1s
  3750K .......... .......... .......... .......... .......... 23% 3.83M 1s
  3800K .......... .......... .......... .......... .......... 24% 2.17M 2s
  3850K .......... .......... .......... .......... .......... 24% 1.63M 2s
  3900K .......... .......... .......... .......... .......... 24% 5.32M 2s
  3950K .......... .......... .......... .......... .......... 25% 6.75M 2s
  4000K .......... .......... .......... .......... .......... 25% 6.25M 2s
  4050K .......... .......... .......... .......... .......... 25% 7.66M 2s
  4100K .......... .......... .......... .......... .......... 26% 6.51M 2s
  4150K .......... .......... .......... .......... .......... 26% 2.50M 2s
  4200K .......... .......... .......... .......... .......... 26% 6.41M 2s
  4250K .......... .......... .......... .......... .......... 26% 3.69M 2s
  4300K .......... .......... .......... .......... .......... 27% 3.49M 2s
  4350K .......... .......... .......... .......... .......... 27% 3.29M 2s
  4400K .......... .......... .......... .......... .......... 27% 3.45M 2s
  4450K .......... .......... .......... .......... .......... 28%  765K 2s
  4500K .......... .......... .......... .......... .......... 28% 1.23M 2s
  4550K .......... .......... .......... .......... .......... 28% 2.88M 2s
  4600K .......... .......... .......... .......... .......... 29% 1.72M 2s
  4650K .......... .......... .......... .......... .......... 29% 2.04M 2s
  4700K .......... .......... .......... .......... .......... 29% 6.69M 2s
  4750K .......... .......... .......... .......... .......... 30% 7.47M 2s
  4800K .......... .......... .......... .......... .......... 30% 7.77M 2s
  4850K .......... .......... .......... .......... .......... 30% 10.3M 2s
  4900K .......... .......... .......... .......... .......... 31% 7.82M 2s
  4950K .......... .......... .......... .......... .......... 31%  227K 2s
  5000K .......... .......... .......... .......... .......... 31% 7.11M 2s
  5050K .......... .......... .......... .......... .......... 31% 3.36M 2s
  5100K .......... .......... .......... .......... .......... 32% 5.12M 2s
  5150K .......... .......... .......... .......... .......... 32% 7.19M 2s
  5200K .......... .......... .......... .......... .......... 32% 7.02M 2s
  5250K .......... .......... .......... .......... .......... 33% 6.88M 2s
  5300K .......... .......... .......... .......... .......... 33% 6.43M 2s
  5350K .......... .......... .......... .......... .......... 33% 17.7M 2s
  5400K .......... .......... .......... .......... .......... 34% 20.5M 2s
  5450K .......... .......... .......... .......... .......... 34% 21.0M 2s
  5500K .......... .......... .......... .......... .......... 34%  226K 3s
  5550K .......... .......... .......... .......... .......... 35% 10.3M 3s
  5600K .......... .......... .......... .......... .......... 35% 13.8M 2s
  5650K .......... .......... .......... .......... .......... 35% 16.8M 2s
  5700K .......... .......... .......... .......... .......... 36% 13.1M 2s
  5750K .......... .......... .......... .......... .......... 36% 29.0M 2s
  5800K .......... .......... .......... .......... .......... 36% 14.9M 2s
  5850K .......... .......... .......... .......... .......... 36% 14.0M 2s
  5900K .......... .......... .......... .......... .......... 37% 12.4M 2s
  5950K .......... .......... .......... .......... .......... 37% 17.1M 2s
  6000K .......... .......... .......... .......... .......... 37% 7.66M 2s
  6050K .......... .......... .......... .......... .......... 38% 11.6M 2s
  6100K .......... .......... .......... .......... .......... 38% 4.04M 2s
  6150K .......... .......... .......... .......... .......... 38% 7.19M 2s
  6200K .......... .......... .......... .......... .......... 39% 8.80M 2s
  6250K .......... .......... .......... .......... .......... 39% 8.16M 2s
  6300K .......... .......... .......... .......... .......... 39% 4.68M 2s
  6350K .......... .......... .......... .......... .......... 40% 4.88M 2s
  6400K .......... .......... .......... .......... .......... 40%  530K 2s
  6450K .......... .......... .......... .......... .......... 40% 3.42M 2s
  6500K .......... .......... .......... .......... .......... 41% 4.03M 2s
  6550K .......... .......... .......... .......... .......... 41% 4.05M 2s
  6600K .......... .......... .......... .......... .......... 41% 9.09M 2s
  6650K .......... .......... .......... .......... .......... 41% 5.45M 2s
  6700K .......... .......... .......... .......... .......... 42% 4.97M 2s
  6750K .......... .......... .......... .......... .......... 42% 8.11M 2s
  6800K .......... .......... .......... .......... .......... 42% 8.12M 2s
  6850K .......... .......... .......... .......... .......... 43% 4.16M 2s
  6900K .......... .......... .......... .......... .......... 43% 5.26M 2s
  6950K .......... .......... .......... .......... .......... 43% 5.99M 2s
  7000K .......... .......... .......... .......... .......... 44% 6.35M 2s
  7050K .......... .......... .......... .......... .......... 44% 5.45M 2s
  7100K .......... .......... .......... .......... .......... 44% 4.01M 2s
  7150K .......... .......... .......... .......... .......... 45% 9.30M 2s
  7200K .......... .......... .......... .......... .......... 45% 15.6M 2s
  7250K .......... .......... .......... .......... .......... 45% 11.6M 2s
  7300K .......... .......... .......... .......... .......... 46% 11.0M 2s
  7350K .......... .......... .......... .......... .......... 46% 11.4M 2s
  7400K .......... .......... .......... .......... .......... 46% 15.9M 2s
  7450K .......... .......... .......... .......... .......... 47% 10.5M 2s
  7500K .......... .......... .......... .......... .......... 47% 10.1M 2s
  7550K .......... .......... .......... .......... .......... 47% 14.3M 2s
  7600K .......... .......... .......... .......... .......... 47% 22.7M 2s
  7650K .......... .......... .......... .......... .......... 48% 18.7M 2s
  7700K .......... .......... .......... .......... .......... 48% 24.2M 2s
  7750K .......... .......... .......... .......... .......... 48% 18.8M 2s
  7800K .......... .......... .......... .......... .......... 49% 25.9M 2s
  7850K .......... .......... .......... .......... .......... 49% 31.0M 2s
  7900K .......... .......... .......... .......... .......... 49% 15.1M 2s
  7950K .......... .......... .......... .......... .......... 50% 9.64M 2s
  8000K .......... .......... .......... .......... .......... 50% 4.73M 2s
  8050K .......... .......... .......... .......... .......... 50% 13.1M 2s
  8100K .......... .......... .......... .......... .......... 51% 10.4M 2s
  8150K .......... .......... .......... .......... .......... 51% 11.6M 2s
  8200K .......... .......... .......... .......... .......... 51% 6.00M 2s
  8250K .......... .......... .......... .......... .......... 52% 11.6M 2s
  8300K .......... .......... .......... .......... .......... 52% 6.93M 2s
  8350K .......... .......... .......... .......... .......... 52% 9.09M 2s
  8400K .......... .......... .......... .......... .......... 52% 10.8M 2s
  8450K .......... .......... .......... .......... .......... 53% 9.85M 2s
  8500K .......... .......... .......... .......... .......... 53% 8.43M 2s
  8550K .......... .......... .......... .......... .......... 53% 11.3M 2s
  8600K .......... .......... .......... .......... .......... 54% 17.2M 2s
  8650K .......... .......... .......... .......... .......... 54% 3.00M 2s
  8700K .......... .......... .......... .......... .......... 54% 7.74M 2s
  8750K .......... .......... .......... .......... .......... 55% 9.78M 1s
  8800K .......... .......... .......... .......... .......... 55% 12.2M 1s
  8850K .......... .......... .......... .......... .......... 55% 6.29M 1s
  8900K .......... .......... .......... .......... .......... 56% 6.10M 1s
  8950K .......... .......... .......... .......... .......... 56% 9.32M 1s
  9000K .......... .......... .......... .......... .......... 56% 7.24M 1s
  9050K .......... .......... .......... .......... .......... 57% 8.22M 1s
  9100K .......... .......... .......... .......... .......... 57% 6.22M 1s
  9150K .......... .......... .......... .......... .......... 57% 14.7M 1s
  9200K .......... .......... .......... .......... .......... 57% 19.4M 1s
  9250K .......... .......... .......... .......... .......... 58% 16.2M 1s
  9300K .......... .......... .......... .......... .......... 58% 21.6M 1s
  9350K .......... .......... .......... .......... .......... 58% 13.7M 1s
  9400K .......... .......... .......... .......... .......... 59% 17.4M 1s
  9450K .......... .......... .......... .......... .......... 59% 20.0M 1s
  9500K .......... .......... .......... .......... .......... 59% 22.3M 1s
  9550K .......... .......... .......... .......... .......... 60% 17.5M 1s
  9600K .......... .......... .......... .......... .......... 60% 20.1M 1s
  9650K .......... .......... .......... .......... .......... 60% 17.7M 1s
  9700K .......... .......... .......... .......... .......... 61% 18.0M 1s
  9750K .......... .......... .......... .......... .......... 61% 17.5M 1s
  9800K .......... .......... .......... .......... .......... 61% 10.9M 1s
  9850K .......... .......... .......... .......... .......... 62% 14.4M 1s
  9900K .......... .......... .......... .......... .......... 62% 8.19M 1s
  9950K .......... .......... .......... .......... .......... 62% 11.7M 1s
 10000K .......... .......... .......... .......... .......... 62% 14.3M 1s
 10050K .......... .......... .......... .......... .......... 63% 12.9M 1s
 10100K .......... .......... .......... .......... .......... 63% 9.26M 1s
 10150K .......... .......... .......... .......... .......... 63% 11.0M 1s
 10200K .......... .......... .......... .......... .......... 64% 10.8M 1s
 10250K .......... .......... .......... .......... .......... 64% 11.4M 1s
 10300K .......... .......... .......... .......... .......... 64% 9.23M 1s
 10350K .......... .......... .......... .......... .......... 65% 3.62M 1s
 10400K .......... .......... .......... .......... .......... 65% 6.00M 1s
 10450K .......... .......... .......... .......... .......... 65% 6.04M 1s
 10500K .......... .......... .......... .......... .......... 66% 5.49M 1s
 10550K .......... .......... .......... .......... .......... 66% 4.19M 1s
 10600K .......... .......... .......... .......... .......... 66% 3.93M 1s
 10650K .......... .......... .......... .......... .......... 67% 4.09M 1s
 10700K .......... .......... .......... .......... .......... 67% 5.71M 1s
 10750K .......... .......... .......... .......... .......... 67% 15.5M 1s
 10800K .......... .......... .......... .......... .......... 67% 8.73M 1s
 10850K .......... .......... .......... .......... .......... 68% 12.7M 1s
 10900K .......... .......... .......... .......... .......... 68% 8.24M 1s
 10950K .......... .......... .......... .......... .......... 68% 7.51M 1s
 11000K .......... .......... .......... .......... .......... 69% 7.73M 1s
 11050K .......... .......... .......... .......... .......... 69% 5.58M 1s
 11100K .......... .......... .......... .......... .......... 69% 4.83M 1s
 11150K .......... .......... .......... .......... .......... 70% 4.58M 1s
 11200K .......... .......... .......... .......... .......... 70% 3.73M 1s
 11250K .......... .......... .......... .......... .......... 70% 4.20M 1s
 11300K .......... .......... .......... .......... .......... 71% 2.32M 1s
 11350K .......... .......... .......... .......... .......... 71% 1.98M 1s
 11400K .......... .......... .......... .......... .......... 71% 5.84M 1s
 11450K .......... .......... .......... .......... .......... 72% 5.93M 1s
 11500K .......... .......... .......... .......... .......... 72% 3.16M 1s
 11550K .......... .......... .......... .......... .......... 72% 5.27M 1s
 11600K .......... .......... .......... .......... .......... 73% 5.65M 1s
 11650K .......... .......... .......... .......... .......... 73% 4.76M 1s
 11700K .......... .......... .......... .......... .......... 73% 4.47M 1s
 11750K .......... .......... .......... .......... .......... 73% 4.39M 1s
 11800K .......... .......... .......... .......... .......... 74% 7.01M 1s
 11850K .......... .......... .......... .......... .......... 74% 8.99M 1s
 11900K .......... .......... .......... .......... .......... 74% 3.53M 1s
 11950K .......... .......... .......... .......... .......... 75% 6.48M 1s
 12000K .......... .......... .......... .......... .......... 75% 6.14M 1s
 12050K .......... .......... .......... .......... .......... 75% 6.04M 1s
 12100K .......... .......... .......... .......... .......... 76% 3.48M 1s
 12150K .......... .......... .......... .......... .......... 76% 3.57M 1s
 12200K .......... .......... .......... .......... .......... 76% 3.83M 1s
 12250K .......... .......... .......... .......... .......... 77% 2.55M 1s
 12300K .......... .......... .......... .......... .......... 77% 1.61M 1s
 12350K .......... .......... .......... .......... .......... 77% 6.36M 1s
 12400K .......... .......... .......... .......... .......... 78% 8.13M 1s
 12450K .......... .......... .......... .......... .......... 78% 4.93M 1s
 12500K .......... .......... .......... .......... .......... 78% 5.84M 1s
 12550K .......... .......... .......... .......... .......... 78% 5.36M 1s
 12600K .......... .......... .......... .......... .......... 79% 4.76M 1s
 12650K .......... .......... .......... .......... .......... 79% 2.93M 1s
 12700K .......... .......... .......... .......... .......... 79% 3.03M 1s
 12750K .......... .......... .......... .......... .......... 80% 4.54M 1s
 12800K .......... .......... .......... .......... .......... 80% 11.3M 1s
 12850K .......... .......... .......... .......... .......... 80% 14.1M 1s
 12900K .......... .......... .......... .......... .......... 81% 13.2M 1s
 12950K .......... .......... .......... .......... .......... 81% 16.6M 1s
 13000K .......... .......... .......... .......... .......... 81% 9.75M 1s
 13050K .......... .......... .......... .......... .......... 82% 5.63M 1s
 13100K .......... .......... .......... .......... .......... 82% 6.72M 1s
 13150K .......... .......... .......... .......... .......... 82% 8.01M 1s
 13200K .......... .......... .......... .......... .......... 83% 7.92M 1s
 13250K .......... .......... .......... .......... .......... 83% 7.80M 1s
 13300K .......... .......... .......... .......... .......... 83% 6.77M 0s
 13350K .......... .......... .......... .......... .......... 83% 12.9M 0s
 13400K .......... .......... .......... .......... .......... 84% 17.6M 0s
 13450K .......... .......... .......... .......... .......... 84% 11.6M 0s
 13500K .......... .......... .......... .......... .......... 84% 8.44M 0s
 13550K .......... .......... .......... .......... .......... 85% 12.4M 0s
 13600K .......... .......... .......... .......... .......... 85% 3.86M 0s
 13650K .......... .......... .......... .......... .......... 85% 6.18M 0s
 13700K .......... .......... .......... .......... .......... 86% 6.67M 0s
 13750K .......... .......... .......... .......... .......... 86% 5.08M 0s
 13800K .......... .......... .......... .......... .......... 86% 6.19M 0s
 13850K .......... .......... .......... .......... .......... 87% 2.68M 0s
 13900K .......... .......... .......... .......... .......... 87% 4.88M 0s
 13950K .......... .......... .......... .......... .......... 87% 11.8M 0s
 14000K .......... .......... .......... .......... .......... 88% 12.6M 0s
 14050K .......... .......... .......... .......... .......... 88% 12.4M 0s
 14100K .......... .......... .......... .......... .......... 88% 11.0M 0s
 14150K .......... .......... .......... .......... .......... 88% 16.9M 0s
 14200K .......... .......... .......... .......... .......... 89% 12.9M 0s
 14250K .......... .......... .......... .......... .......... 89% 14.3M 0s
 14300K .......... .......... .......... .......... .......... 89% 8.87M 0s
 14350K .......... .......... .......... .......... .......... 90% 14.7M 0s
 14400K .......... .......... .......... .......... .......... 90% 21.9M 0s
 14450K .......... .......... .......... .......... .......... 90% 18.5M 0s
 14500K .......... .......... .......... .......... .......... 91% 19.7M 0s
 14550K .......... .......... .......... .......... .......... 91% 24.1M 0s
 14600K .......... .......... .......... .......... .......... 91% 21.7M 0s
 14650K .......... .......... .......... .......... .......... 92% 44.8M 0s
 14700K .......... .......... .......... .......... .......... 92% 19.5M 0s
 14750K .......... .......... .......... .......... .......... 92% 19.6M 0s
 14800K .......... .......... .......... .......... .......... 93% 25.0M 0s
 14850K .......... .......... .......... .......... .......... 93% 22.6M 0s
 14900K .......... .......... .......... .......... .......... 93% 26.6M 0s
 14950K .......... .......... .......... .......... .......... 94% 18.1M 0s
 15000K .......... .......... .......... .......... .......... 94% 15.5M 0s
 15050K .......... .......... .......... .......... .......... 94% 34.1M 0s
 15100K .......... .......... .......... .......... .......... 94% 15.3M 0s
 15150K .......... .......... .......... .......... .......... 95% 32.4M 0s
 15200K .......... .......... .......... .......... .......... 95% 19.5M 0s
 15250K .......... .......... .......... .......... .......... 95% 44.4M 0s
 15300K .......... .......... .......... .......... .......... 96% 27.6M 0s
 15350K .......... .......... .......... .......... .......... 96% 27.6M 0s
 15400K .......... .......... .......... .......... .......... 96% 27.1M 0s
 15450K .......... .......... .......... .......... .......... 97% 53.4M 0s
 15500K .......... .......... .......... .......... .......... 97% 26.4M 0s
 15550K .......... .......... .......... .......... .......... 97% 30.3M 0s
 15600K .......... .......... .......... .......... .......... 98% 49.2M 0s
 15650K .......... .......... .......... .......... .......... 98% 24.6M 0s
 15700K .......... .......... .......... .......... .......... 98% 25.5M 0s
 15750K .......... .......... .......... .......... .......... 99% 25.0M 0s
 15800K .......... .......... .......... .......... .......... 99% 53.0M 0s
 15850K .......... .......... .......... .......... .......... 99% 24.7M 0s
 15900K .......... .......... .......... .......... .......... 99% 17.7M 0s
 15950K ......                                                100% 11444G=2.7s

2026-05-14 22:08:50 (5.68 MB/s) - ‘/var/lib/tel141/images/cirros-0.5.1-x86_64-disk.img’ saved [16338944/16338944]

Formatting '/var/lib/tel141/images/demo2v1.qcow2', fmt=qcow2 size=117440512 backing_file=/var/lib/tel141/images/cirros-0.5.1-x86_64-disk.img backing_fmt=qcow2 cluster_size=65536 lazy_refcounts=off refcount_bits=16
qemu-system-x86_64: warning: host doesn't support requested feature: CPUID.80000001H:ECX.svm [bit 2]
qemu-system-x86_64: -vnc 0.0.0.0:1: Failed to find an available port: Address already in use

2026-05-14T22:20:38 | CMD: ssh ubuntu@10.0.10.3 bash -s -- 120 192.168.120.0/24 true 192.168.120.50,192.168.120.200,12h | RC=0
2026-05-14T22:20:39 | CMD: ssh ubuntu@10.0.10.1 bash -s -- demo3v1 br-int 120 20 | RC=0
2026-05-14T22:20:40 | CMD: ssh ubuntu@10.0.10.2 bash -s -- demo3v2 br-int 120 21 | RC=0
2026-05-14T22:20:40 | CREATE_SLICE ok name=demo3 vlan=120 vms=2
2026-05-14T22:27:42 | CMD: ssh ubuntu@10.0.10.1 
echo '[HOSTNAME]'; hostname
echo '[OVS]'; sudo ovs-vsctl show
echo '[QEMU]'; pgrep -af qemu || true
echo '[IP IMPORTANTES]'; ip -br addr | egrep 'ens3|ens4|br-int|gw_vlan|tap' || true
 | RC=0
2026-05-14T22:27:43 | CMD: ssh ubuntu@10.0.10.2 
echo '[HOSTNAME]'; hostname
echo '[OVS]'; sudo ovs-vsctl show
echo '[QEMU]'; pgrep -af qemu || true
echo '[IP IMPORTANTES]'; ip -br addr | egrep 'ens3|ens4|br-int|gw_vlan|tap' || true
 | RC=0
2026-05-14T22:27:43 | CMD: ssh ubuntu@10.0.10.3 
echo '[HOSTNAME]'; hostname
echo '[OVS]'; sudo ovs-vsctl show
echo '[QEMU]'; pgrep -af qemu || true
echo '[IP IMPORTANTES]'; ip -br addr | egrep 'ens3|ens4|br-int|gw_vlan|tap' || true
 | RC=0
2026-05-14T23:36:38 | CMD: ssh ubuntu@10.0.10.1 bash -s -- demo3v1 br-int 120 20 | RC=0
2026-05-14T23:36:39 | CMD: ssh ubuntu@10.0.10.2 bash -s -- demo3v2 br-int 120 21 | RC=0
2026-05-14T23:36:40 | CMD: ssh ubuntu@10.0.10.3 
set -e
sudo ip netns exec ns-dhcp-vlan120 pkill dnsmasq 2>/dev/null || true
sudo ovs-vsctl --if-exists del-port br-int dhcp_v120 || true
sudo ip netns del ns-dhcp-vlan120 2>/dev/null || true
sudo ovs-vsctl --if-exists del-port br-int gw_vlan120 || true
sudo ip link del gw_vlan120 2>/dev/null || true
echo "VLAN 120 eliminada del Head Node"
 | RC=0
2026-05-14T23:36:40 | DELETE_SLICE ok name=demo3 vlan=120
2026-05-14T23:36:52 | CMD: ssh ubuntu@10.0.10.1 
echo '[HOSTNAME]'; hostname
echo '[OVS]'; sudo ovs-vsctl show
echo '[QEMU]'; pgrep -af qemu || true
echo '[IP IMPORTANTES]'; ip -br addr | egrep 'ens3|ens4|br-int|gw_vlan|tap' || true
 | RC=0
2026-05-14T23:36:53 | CMD: ssh ubuntu@10.0.10.2 
echo '[HOSTNAME]'; hostname
echo '[OVS]'; sudo ovs-vsctl show
echo '[QEMU]'; pgrep -af qemu || true
echo '[IP IMPORTANTES]'; ip -br addr | egrep 'ens3|ens4|br-int|gw_vlan|tap' || true
 | RC=0
2026-05-14T23:36:54 | CMD: ssh ubuntu@10.0.10.3 
echo '[HOSTNAME]'; hostname
echo '[OVS]'; sudo ovs-vsctl show
echo '[QEMU]'; pgrep -af qemu || true
echo '[IP IMPORTANTES]'; ip -br addr | egrep 'ens3|ens4|br-int|gw_vlan|tap' || true
 | RC=0
2026-05-14T23:42:14 | CMD: ssh ubuntu@10.0.10.1 
echo '[HOSTNAME]'; hostname
echo '[OVS]'; sudo ovs-vsctl show
echo '[QEMU]'; pgrep -af qemu || true
echo '[IP IMPORTANTES]'; ip -br addr | egrep 'ens3|ens4|br-int|gw_vlan|tap' || true
 | RC=0
2026-05-14T23:42:15 | CMD: ssh ubuntu@10.0.10.2 
echo '[HOSTNAME]'; hostname
echo '[OVS]'; sudo ovs-vsctl show
echo '[QEMU]'; pgrep -af qemu || true
echo '[IP IMPORTANTES]'; ip -br addr | egrep 'ens3|ens4|br-int|gw_vlan|tap' || true
 | RC=0
2026-05-14T23:42:16 | CMD: ssh ubuntu@10.0.10.3 
echo '[HOSTNAME]'; hostname
echo '[OVS]'; sudo ovs-vsctl show
echo '[QEMU]'; pgrep -af qemu || true
echo '[IP IMPORTANTES]'; ip -br addr | egrep 'ens3|ens4|br-int|gw_vlan|tap' || true
 | RC=0
2026-05-14T23:45:27 | CMD: ssh ubuntu@10.0.10.1 
echo '[HOSTNAME]'; hostname
echo '[OVS]'; sudo ovs-vsctl show
echo '[QEMU]'; pgrep -af qemu || true
echo '[IP IMPORTANTES]'; ip -br addr | egrep 'ens3|ens4|br-int|gw_vlan|tap' || true
 | RC=0
2026-05-14T23:45:28 | CMD: ssh ubuntu@10.0.10.2 
echo '[HOSTNAME]'; hostname
echo '[OVS]'; sudo ovs-vsctl show
echo '[QEMU]'; pgrep -af qemu || true
echo '[IP IMPORTANTES]'; ip -br addr | egrep 'ens3|ens4|br-int|gw_vlan|tap' || true
 | RC=0
2026-05-14T23:45:28 | CMD: ssh ubuntu@10.0.10.3 
echo '[HOSTNAME]'; hostname
echo '[OVS]'; sudo ovs-vsctl show
echo '[QEMU]'; pgrep -af qemu || true
echo '[IP IMPORTANTES]'; ip -br addr | egrep 'ens3|ens4|br-int|gw_vlan|tap' || true
 | RC=0
2026-05-14T23:46:53 | CMD: ssh ubuntu@10.0.10.1 
echo '[HOSTNAME]'; hostname
echo '[OVS]'; sudo ovs-vsctl show
echo '[QEMU]'; pgrep -af qemu || true
echo '[IP IMPORTANTES]'; ip -br addr | egrep 'ens3|ens4|br-int|gw_vlan|tap' || true
 | RC=0
2026-05-14T23:46:54 | CMD: ssh ubuntu@10.0.10.2 
echo '[HOSTNAME]'; hostname
echo '[OVS]'; sudo ovs-vsctl show
echo '[QEMU]'; pgrep -af qemu || true
echo '[IP IMPORTANTES]'; ip -br addr | egrep 'ens3|ens4|br-int|gw_vlan|tap' || true
 | RC=0
2026-05-14T23:46:55 | CMD: ssh ubuntu@10.0.10.3 
echo '[HOSTNAME]'; hostname
echo '[OVS]'; sudo ovs-vsctl show
echo '[QEMU]'; pgrep -af qemu || true
echo '[IP IMPORTANTES]'; ip -br addr | egrep 'ens3|ens4|br-int|gw_vlan|tap' || true
 | RC=0
2026-05-14T23:55:04 | CMD: ssh ubuntu@10.0.10.3 bash -s -- 121 192.168.121.0/24 true 192.168.121.50,192.168.121.200,12h | RC=0
2026-05-14T23:55:05 | CMD: ssh ubuntu@10.0.10.1 bash -s -- demo4v1 br-int 121 22 | RC=0
2026-05-14T23:55:06 | CMD: ssh ubuntu@10.0.10.2 bash -s -- demo4v2 br-int 121 23 | RC=0
2026-05-14T23:55:07 | CMD: ssh ubuntu@10.0.10.1 bash -s -- demo4v3 br-int 121 24 | RC=0
2026-05-14T23:55:07 | CREATE_SLICE ok name=demo4 vlan=121 vms=3
2026-05-14T23:56:36 | CMD: ssh ubuntu@10.0.10.1 
echo '[HOSTNAME]'; hostname
echo '[OVS]'; sudo ovs-vsctl show
echo '[QEMU]'; pgrep -af qemu || true
echo '[IP IMPORTANTES]'; ip -br addr | egrep 'ens3|ens4|br-int|gw_vlan|tap' || true
 | RC=0
2026-05-14T23:56:37 | CMD: ssh ubuntu@10.0.10.2 
echo '[HOSTNAME]'; hostname
echo '[OVS]'; sudo ovs-vsctl show
echo '[QEMU]'; pgrep -af qemu || true
echo '[IP IMPORTANTES]'; ip -br addr | egrep 'ens3|ens4|br-int|gw_vlan|tap' || true
 | RC=0
2026-05-14T23:56:37 | CMD: ssh ubuntu@10.0.10.3 
echo '[HOSTNAME]'; hostname
echo '[OVS]'; sudo ovs-vsctl show
echo '[QEMU]'; pgrep -af qemu || true
echo '[IP IMPORTANTES]'; ip -br addr | egrep 'ens3|ens4|br-int|gw_vlan|tap' || true
 | RC=0
2026-05-15T01:27:00 | CMD: ssh ubuntu@10.0.10.1 bash -s -- demo4v1 br-int 121 22 | RC=0
2026-05-15T01:27:02 | CMD: ssh ubuntu@10.0.10.2 bash -s -- demo4v2 br-int 121 23 | RC=0
2026-05-15T01:27:04 | CMD: ssh ubuntu@10.0.10.1 bash -s -- demo4v3 br-int 121 24 | RC=0
2026-05-15T01:27:05 | CMD: ssh ubuntu@10.0.10.3 
set -e
sudo ip netns exec ns-dhcp-vlan121 pkill dnsmasq 2>/dev/null || true
sudo ovs-vsctl --if-exists del-port br-int dhcp_v121 || true
sudo ip netns del ns-dhcp-vlan121 2>/dev/null || true
sudo ovs-vsctl --if-exists del-port br-int gw_vlan121 || true
sudo ip link del gw_vlan121 2>/dev/null || true
echo "VLAN 121 eliminada del Head Node"
 | RC=0
2026-05-15T01:27:05 | DELETE_SLICE ok name=demo4 vlan=121
2026-05-15T01:27:10 | CMD: ssh ubuntu@10.0.10.1 
echo '[HOSTNAME]'; hostname
echo '[OVS]'; sudo ovs-vsctl show
echo '[QEMU]'; pgrep -af qemu || true
echo '[IP IMPORTANTES]'; ip -br addr | egrep 'ens3|ens4|br-int|gw_vlan|tap' || true
 | RC=0
2026-05-15T01:27:11 | CMD: ssh ubuntu@10.0.10.2 
echo '[HOSTNAME]'; hostname
echo '[OVS]'; sudo ovs-vsctl show
echo '[QEMU]'; pgrep -af qemu || true
echo '[IP IMPORTANTES]'; ip -br addr | egrep 'ens3|ens4|br-int|gw_vlan|tap' || true
 | RC=0
2026-05-15T01:27:12 | CMD: ssh ubuntu@10.0.10.3 
echo '[HOSTNAME]'; hostname
echo '[OVS]'; sudo ovs-vsctl show
echo '[QEMU]'; pgrep -af qemu || true
echo '[IP IMPORTANTES]'; ip -br addr | egrep 'ens3|ens4|br-int|gw_vlan|tap' || true
 | RC=0
2026-05-15T01:34:58 | CMD: ssh ubuntu@10.0.10.3 bash -s -- 122 192.168.122.0/24 true 192.168.122.50,192.168.122.200,12h | RC=0
2026-05-15T01:34:59 | CMD: ssh ubuntu@10.0.10.1 bash -s -- demo5v1 br-int 122 25 | RC=0
2026-05-15T01:34:59 | CREATE_SLICE ok name=demo5 vlan=122 vms=1
2026-05-15T02:29:19 | CMD: ssh ubuntu@10.0.10.1 bash -s -- demo5v1 br-int 122 25 | RC=0
2026-05-15T02:29:20 | CMD: ssh ubuntu@10.0.10.3 
set -e
sudo ip netns exec ns-dhcp-vlan122 pkill dnsmasq 2>/dev/null || true
sudo ovs-vsctl --if-exists del-port br-int dhcp_v122 || true
sudo ip netns del ns-dhcp-vlan122 2>/dev/null || true
sudo ovs-vsctl --if-exists del-port br-int gw_vlan122 || true
sudo ip link del gw_vlan122 2>/dev/null || true
echo "VLAN 122 eliminada del Head Node"
 | RC=0
2026-05-15T02:29:20 | DELETE_SLICE ok name=demo5 vlan=122
2026-05-15T02:29:33 | CMD: ssh ubuntu@10.0.10.1 
echo '[HOSTNAME]'; hostname
echo '[OVS]'; sudo ovs-vsctl show
echo '[QEMU]'; pgrep -af qemu || true
echo '[IP IMPORTANTES]'; ip -br addr | egrep 'ens3|ens4|br-int|gw_vlan|tap' || true
 | RC=0
2026-05-15T02:29:34 | CMD: ssh ubuntu@10.0.10.2 
echo '[HOSTNAME]'; hostname
echo '[OVS]'; sudo ovs-vsctl show
echo '[QEMU]'; pgrep -af qemu || true
echo '[IP IMPORTANTES]'; ip -br addr | egrep 'ens3|ens4|br-int|gw_vlan|tap' || true
 | RC=0
2026-05-15T02:29:35 | CMD: ssh ubuntu@10.0.10.3 
echo '[HOSTNAME]'; hostname
echo '[OVS]'; sudo ovs-vsctl show
echo '[QEMU]'; pgrep -af qemu || true
echo '[IP IMPORTANTES]'; ip -br addr | egrep 'ens3|ens4|br-int|gw_vlan|tap' || true
 | RC=0
2026-05-15T02:31:34 | CMD: ssh ubuntu@10.0.10.3 bash -s -- 123 192.168.123.0/24 true 192.168.123.50,192.168.123.200,12h | RC=0
2026-05-15T02:31:36 | CMD: ssh ubuntu@10.0.10.1 bash -s -- demo6v1 br-int 123 26 | RC=0
2026-05-15T02:31:37 | CMD: ssh ubuntu@10.0.10.2 bash -s -- demo6v2 br-int 123 27 | RC=0
2026-05-15T02:31:37 | CREATE_SLICE ok name=demo6 vlan=123 vms=2
2026-05-15T05:54:08 | CMD: ssh ubuntu@10.0.10.1 
echo '[HOSTNAME]'; hostname
echo '[OVS]'; sudo ovs-vsctl show
echo '[QEMU]'; pgrep -af qemu || true
echo '[IP IMPORTANTES]'; ip -br addr | egrep 'ens3|ens4|br-int|gw_vlan|tap' || true
 | RC=0
2026-05-15T05:54:09 | CMD: ssh ubuntu@10.0.10.2 
echo '[HOSTNAME]'; hostname
echo '[OVS]'; sudo ovs-vsctl show
echo '[QEMU]'; pgrep -af qemu || true
echo '[IP IMPORTANTES]'; ip -br addr | egrep 'ens3|ens4|br-int|gw_vlan|tap' || true
 | RC=0
2026-05-15T05:54:10 | CMD: ssh ubuntu@10.0.10.3 
echo '[HOSTNAME]'; hostname
echo '[OVS]'; sudo ovs-vsctl show
echo '[QEMU]'; pgrep -af qemu || true
echo '[IP IMPORTANTES]'; ip -br addr | egrep 'ens3|ens4|br-int|gw_vlan|tap' || true
 | RC=0
2026-05-15T05:55:11 | CMD: ssh ubuntu@10.0.10.1 bash -s -- demo6v1 br-int 123 26 | RC=0
2026-05-15T05:55:13 | CMD: ssh ubuntu@10.0.10.2 bash -s -- demo6v2 br-int 123 27 | RC=0
2026-05-15T05:55:14 | CMD: ssh ubuntu@10.0.10.3 
set -e
sudo ip netns exec ns-dhcp-vlan123 pkill dnsmasq 2>/dev/null || true
sudo ovs-vsctl --if-exists del-port br-int dhcp_v123 || true
sudo ip netns del ns-dhcp-vlan123 2>/dev/null || true
sudo ovs-vsctl --if-exists del-port br-int gw_vlan123 || true
sudo ip link del gw_vlan123 2>/dev/null || true
echo "VLAN 123 eliminada del Head Node"
 | RC=0
2026-05-15T05:55:14 | DELETE_SLICE ok name=demo6 vlan=123
2026-05-15T05:55:26 | CMD: ssh ubuntu@10.0.10.1 
echo '[HOSTNAME]'; hostname
echo '[OVS]'; sudo ovs-vsctl show
echo '[QEMU]'; pgrep -af qemu || true
echo '[IP IMPORTANTES]'; ip -br addr | egrep 'ens3|ens4|br-int|gw_vlan|tap' || true
 | RC=0
2026-05-15T05:55:27 | CMD: ssh ubuntu@10.0.10.2 
echo '[HOSTNAME]'; hostname
echo '[OVS]'; sudo ovs-vsctl show
echo '[QEMU]'; pgrep -af qemu || true
echo '[IP IMPORTANTES]'; ip -br addr | egrep 'ens3|ens4|br-int|gw_vlan|tap' || true
 | RC=0
2026-05-15T05:55:28 | CMD: ssh ubuntu@10.0.10.3 
echo '[HOSTNAME]'; hostname
echo '[OVS]'; sudo ovs-vsctl show
echo '[QEMU]'; pgrep -af qemu || true
echo '[IP IMPORTANTES]'; ip -br addr | egrep 'ens3|ens4|br-int|gw_vlan|tap' || true
 | RC=0
2026-05-15T17:10:15 | CMD: ssh ubuntu@10.0.10.1 
echo '[HOSTNAME]'; hostname
echo '[OVS]'; sudo ovs-vsctl show
echo '[QEMU]'; pgrep -af qemu || true
echo '[IP IMPORTANTES]'; ip -br addr | egrep 'ens3|ens4|br-int|gw_vlan|tap' || true
 | RC=0
2026-05-15T17:10:16 | CMD: ssh ubuntu@10.0.10.2 
echo '[HOSTNAME]'; hostname
echo '[OVS]'; sudo ovs-vsctl show
echo '[QEMU]'; pgrep -af qemu || true
echo '[IP IMPORTANTES]'; ip -br addr | egrep 'ens3|ens4|br-int|gw_vlan|tap' || true
 | RC=0
2026-05-15T17:10:17 | CMD: ssh ubuntu@10.0.10.3 
echo '[HOSTNAME]'; hostname
echo '[OVS]'; sudo ovs-vsctl show
echo '[QEMU]'; pgrep -af qemu || true
echo '[IP IMPORTANTES]'; ip -br addr | egrep 'ens3|ens4|br-int|gw_vlan|tap' || true
 | RC=0
2026-05-15T17:11:00 | CMD: ssh ubuntu@10.0.10.1 
echo '[HOSTNAME]'; hostname
echo '[OVS]'; sudo ovs-vsctl show
echo '[QEMU]'; pgrep -af qemu || true
echo '[IP IMPORTANTES]'; ip -br addr | egrep 'ens3|ens4|br-int|gw_vlan|tap' || true
 | RC=0
2026-05-15T17:11:01 | CMD: ssh ubuntu@10.0.10.2 
echo '[HOSTNAME]'; hostname
echo '[OVS]'; sudo ovs-vsctl show
echo '[QEMU]'; pgrep -af qemu || true
echo '[IP IMPORTANTES]'; ip -br addr | egrep 'ens3|ens4|br-int|gw_vlan|tap' || true
 | RC=0
2026-05-15T17:11:02 | CMD: ssh ubuntu@10.0.10.3 
echo '[HOSTNAME]'; hostname
echo '[OVS]'; sudo ovs-vsctl show
echo '[QEMU]'; pgrep -af qemu || true
echo '[IP IMPORTANTES]'; ip -br addr | egrep 'ens3|ens4|br-int|gw_vlan|tap' || true
 | RC=0
2026-05-15T17:11:17 | CMD: ssh ubuntu@10.0.10.1 
echo '[HOSTNAME]'; hostname
echo '[OVS]'; sudo ovs-vsctl show
echo '[QEMU]'; pgrep -af qemu || true
echo '[IP IMPORTANTES]'; ip -br addr | egrep 'ens3|ens4|br-int|gw_vlan|tap' || true
 | RC=0
2026-05-15T17:11:18 | CMD: ssh ubuntu@10.0.10.2 
echo '[HOSTNAME]'; hostname
echo '[OVS]'; sudo ovs-vsctl show
echo '[QEMU]'; pgrep -af qemu || true
echo '[IP IMPORTANTES]'; ip -br addr | egrep 'ens3|ens4|br-int|gw_vlan|tap' || true
 | RC=0
2026-05-15T17:11:19 | CMD: ssh ubuntu@10.0.10.3 
echo '[HOSTNAME]'; hostname
echo '[OVS]'; sudo ovs-vsctl show
echo '[QEMU]'; pgrep -af qemu || true
echo '[IP IMPORTANTES]'; ip -br addr | egrep 'ens3|ens4|br-int|gw_vlan|tap' || true
 | RC=0
2026-05-15T17:11:58 | CMD: ssh ubuntu@10.0.10.1 
echo '[HOSTNAME]'; hostname
echo '[OVS]'; sudo ovs-vsctl show
echo '[QEMU]'; pgrep -af qemu || true
echo '[IP IMPORTANTES]'; ip -br addr | egrep 'ens3|ens4|br-int|gw_vlan|tap' || true
 | RC=0
2026-05-15T17:11:59 | CMD: ssh ubuntu@10.0.10.2 
echo '[HOSTNAME]'; hostname
echo '[OVS]'; sudo ovs-vsctl show
echo '[QEMU]'; pgrep -af qemu || true
echo '[IP IMPORTANTES]'; ip -br addr | egrep 'ens3|ens4|br-int|gw_vlan|tap' || true
 | RC=0
2026-05-15T17:12:00 | CMD: ssh ubuntu@10.0.10.3 
echo '[HOSTNAME]'; hostname
echo '[OVS]'; sudo ovs-vsctl show
echo '[QEMU]'; pgrep -af qemu || true
echo '[IP IMPORTANTES]'; ip -br addr | egrep 'ens3|ens4|br-int|gw_vlan|tap' || true
 | RC=0
2026-05-15T17:14:01 | CMD: ssh ubuntu@10.0.10.1 
echo '[HOSTNAME]'; hostname
echo '[OVS]'; sudo ovs-vsctl show
echo '[QEMU]'; pgrep -af qemu || true
echo '[IP IMPORTANTES]'; ip -br addr | egrep 'ens3|ens4|br-int|gw_vlan|tap' || true
 | RC=0
2026-05-15T17:14:02 | CMD: ssh ubuntu@10.0.10.2 
echo '[HOSTNAME]'; hostname
echo '[OVS]'; sudo ovs-vsctl show
echo '[QEMU]'; pgrep -af qemu || true
echo '[IP IMPORTANTES]'; ip -br addr | egrep 'ens3|ens4|br-int|gw_vlan|tap' || true
 | RC=0
2026-05-15T17:14:03 | CMD: ssh ubuntu@10.0.10.3 
echo '[HOSTNAME]'; hostname
echo '[OVS]'; sudo ovs-vsctl show
echo '[QEMU]'; pgrep -af qemu || true
echo '[IP IMPORTANTES]'; ip -br addr | egrep 'ens3|ens4|br-int|gw_vlan|tap' || true
 | RC=0
2026-05-15T17:20:27 | CMD: ssh ubuntu@10.0.10.1 
echo '[HOSTNAME]'; hostname
echo '[OVS]'; sudo ovs-vsctl show
echo '[QEMU]'; pgrep -af qemu || true
echo '[IP IMPORTANTES]'; ip -br addr | egrep 'ens3|ens4|br-int|gw_vlan|tap' || true
 | RC=0
2026-05-15T17:20:29 | CMD: ssh ubuntu@10.0.10.2 
echo '[HOSTNAME]'; hostname
echo '[OVS]'; sudo ovs-vsctl show
echo '[QEMU]'; pgrep -af qemu || true
echo '[IP IMPORTANTES]'; ip -br addr | egrep 'ens3|ens4|br-int|gw_vlan|tap' || true
 | RC=0
2026-05-15T17:20:30 | CMD: ssh ubuntu@10.0.10.3 
echo '[HOSTNAME]'; hostname
echo '[OVS]'; sudo ovs-vsctl show
echo '[QEMU]'; pgrep -af qemu || true
echo '[IP IMPORTANTES]'; ip -br addr | egrep 'ens3|ens4|br-int|gw_vlan|tap' || true
 | RC=0
2026-05-15T17:50:01 | CMD: ssh ubuntu@10.0.10.1 
echo '[HOSTNAME]'; hostname
echo '[OVS]'; sudo ovs-vsctl show
echo '[QEMU]'; pgrep -af qemu || true
echo '[IP IMPORTANTES]'; ip -br addr | egrep 'ens3|ens4|br-int|gw_vlan|tap' || true
 | RC=0
2026-05-15T17:50:02 | CMD: ssh ubuntu@10.0.10.2 
echo '[HOSTNAME]'; hostname
echo '[OVS]'; sudo ovs-vsctl show
echo '[QEMU]'; pgrep -af qemu || true
echo '[IP IMPORTANTES]'; ip -br addr | egrep 'ens3|ens4|br-int|gw_vlan|tap' || true
 | RC=0
2026-05-15T17:50:02 | CMD: ssh ubuntu@10.0.10.3 
echo '[HOSTNAME]'; hostname
echo '[OVS]'; sudo ovs-vsctl show
echo '[QEMU]'; pgrep -af qemu || true
echo '[IP IMPORTANTES]'; ip -br addr | egrep 'ens3|ens4|br-int|gw_vlan|tap' || true
 | RC=0
2026-05-15T18:29:28 | CMD: ssh ubuntu@10.0.10.1 
echo '[HOSTNAME]'; hostname
echo '[OVS]'; sudo ovs-vsctl show
echo '[QEMU]'; pgrep -af qemu || true
echo '[IP IMPORTANTES]'; ip -br addr | egrep 'ens3|ens4|br-int|gw_vlan|tap' || true
 | RC=0
2026-05-15T18:29:29 | CMD: ssh ubuntu@10.0.10.2 
echo '[HOSTNAME]'; hostname
echo '[OVS]'; sudo ovs-vsctl show
echo '[QEMU]'; pgrep -af qemu || true
echo '[IP IMPORTANTES]'; ip -br addr | egrep 'ens3|ens4|br-int|gw_vlan|tap' || true
 | RC=0
2026-05-15T18:29:30 | CMD: ssh ubuntu@10.0.10.3 
echo '[HOSTNAME]'; hostname
echo '[OVS]'; sudo ovs-vsctl show
echo '[QEMU]'; pgrep -af qemu || true
echo '[IP IMPORTANTES]'; ip -br addr | egrep 'ens3|ens4|br-int|gw_vlan|tap' || true
 | RC=0
2026-05-16T01:36:29 | CMD: ssh ubuntu@10.0.10.1 
echo '[HOSTNAME]'; hostname
echo '[OVS]'; sudo ovs-vsctl show
echo '[QEMU]'; pgrep -af qemu || true
echo '[IP IMPORTANTES]'; ip -br addr | egrep 'ens3|ens4|br-int|gw_vlan|tap' || true
 | RC=0
2026-05-16T01:36:31 | CMD: ssh ubuntu@10.0.10.2 
echo '[HOSTNAME]'; hostname
echo '[OVS]'; sudo ovs-vsctl show
echo '[QEMU]'; pgrep -af qemu || true
echo '[IP IMPORTANTES]'; ip -br addr | egrep 'ens3|ens4|br-int|gw_vlan|tap' || true
 | RC=0
2026-05-16T01:36:35 | CMD: ssh ubuntu@10.0.10.3 
echo '[HOSTNAME]'; hostname
echo '[OVS]'; sudo ovs-vsctl show
echo '[QEMU]'; pgrep -af qemu || true
echo '[IP IMPORTANTES]'; ip -br addr | egrep 'ens3|ens4|br-int|gw_vlan|tap' || true
 | RC=0
2026-05-17T06:10:49 | CMD: ssh ubuntu@10.0.10.1 
echo '[HOSTNAME]'; hostname
echo '[OVS]'; sudo ovs-vsctl show
echo '[QEMU]'; pgrep -af qemu || true
echo '[IP IMPORTANTES]'; ip -br addr | egrep 'ens3|ens4|br-int|gw_vlan|tap' || true
 | RC=0
2026-05-17T06:10:50 | CMD: ssh ubuntu@10.0.10.2 
echo '[HOSTNAME]'; hostname
echo '[OVS]'; sudo ovs-vsctl show
echo '[QEMU]'; pgrep -af qemu || true
echo '[IP IMPORTANTES]'; ip -br addr | egrep 'ens3|ens4|br-int|gw_vlan|tap' || true
 | RC=0
2026-05-17T06:10:52 | CMD: ssh ubuntu@10.0.10.3 
echo '[HOSTNAME]'; hostname
echo '[OVS]'; sudo ovs-vsctl show
echo '[QEMU]'; pgrep -af qemu || true
echo '[IP IMPORTANTES]'; ip -br addr | egrep 'ens3|ens4|br-int|gw_vlan|tap' || true
 | RC=0
2026-05-17T06:47:01 | CMD: ssh ubuntu@10.0.10.1 
echo '[HOSTNAME]'; hostname
echo '[OVS]'; sudo ovs-vsctl show
echo '[QEMU]'; pgrep -af qemu || true
echo '[IP IMPORTANTES]'; ip -br addr | egrep 'ens3|ens4|br-int|gw_vlan|tap' || true
 | RC=0
2026-05-17T06:47:02 | CMD: ssh ubuntu@10.0.10.2 
echo '[HOSTNAME]'; hostname
echo '[OVS]'; sudo ovs-vsctl show
echo '[QEMU]'; pgrep -af qemu || true
echo '[IP IMPORTANTES]'; ip -br addr | egrep 'ens3|ens4|br-int|gw_vlan|tap' || true
 | RC=0
2026-05-17T06:47:07 | CMD: ssh ubuntu@10.0.10.3 
echo '[HOSTNAME]'; hostname
echo '[OVS]'; sudo ovs-vsctl show
echo '[QEMU]'; pgrep -af qemu || true
echo '[IP IMPORTANTES]'; ip -br addr | egrep 'ens3|ens4|br-int|gw_vlan|tap' || true
 | RC=0
2026-05-17T07:10:12 | CMD: ssh ubuntu@10.0.10.1 
echo '[HOSTNAME]'; hostname
echo '[OVS]'; sudo ovs-vsctl show
echo '[QEMU]'; pgrep -af qemu || true
echo '[IP IMPORTANTES]'; ip -br addr | egrep 'ens3|ens4|br-int|gw_vlan|tap' || true
 | RC=0
2026-05-17T07:10:13 | CMD: ssh ubuntu@10.0.10.2 
echo '[HOSTNAME]'; hostname
echo '[OVS]'; sudo ovs-vsctl show
echo '[QEMU]'; pgrep -af qemu || true
echo '[IP IMPORTANTES]'; ip -br addr | egrep 'ens3|ens4|br-int|gw_vlan|tap' || true
 | RC=0
2026-05-17T07:10:14 | CMD: ssh ubuntu@10.0.10.3 
echo '[HOSTNAME]'; hostname
echo '[OVS]'; sudo ovs-vsctl show
echo '[QEMU]'; pgrep -af qemu || true
echo '[IP IMPORTANTES]'; ip -br addr | egrep 'ens3|ens4|br-int|gw_vlan|tap' || true
 | RC=0
2026-05-17T08:24:41 | CMD: ssh ubuntu@10.0.10.1 
echo '[HOSTNAME]'; hostname
echo '[OVS]'; sudo ovs-vsctl show
echo '[QEMU]'; pgrep -af qemu || true
echo '[IP IMPORTANTES]'; ip -br addr | egrep 'ens3|ens4|br-int|gw_vlan|tap' || true
 | RC=0
2026-05-17T08:24:42 | CMD: ssh ubuntu@10.0.10.2 
echo '[HOSTNAME]'; hostname
echo '[OVS]'; sudo ovs-vsctl show
echo '[QEMU]'; pgrep -af qemu || true
echo '[IP IMPORTANTES]'; ip -br addr | egrep 'ens3|ens4|br-int|gw_vlan|tap' || true
 | RC=0
2026-05-17T08:24:43 | CMD: ssh ubuntu@10.0.10.3 
echo '[HOSTNAME]'; hostname
echo '[OVS]'; sudo ovs-vsctl show
echo '[QEMU]'; pgrep -af qemu || true
echo '[IP IMPORTANTES]'; ip -br addr | egrep 'ens3|ens4|br-int|gw_vlan|tap' || true
 | RC=0
2026-05-17T08:50:23 | CMD: ssh ubuntu@10.0.10.1 
echo '[HOSTNAME]'; hostname
echo '[OVS]'; sudo ovs-vsctl show
echo '[QEMU]'; pgrep -af qemu || true
echo '[IP IMPORTANTES]'; ip -br addr | egrep 'ens3|ens4|br-int|gw_vlan|tap' || true
 | RC=0
2026-05-17T08:50:24 | CMD: ssh ubuntu@10.0.10.2 
echo '[HOSTNAME]'; hostname
echo '[OVS]'; sudo ovs-vsctl show
echo '[QEMU]'; pgrep -af qemu || true
echo '[IP IMPORTANTES]'; ip -br addr | egrep 'ens3|ens4|br-int|gw_vlan|tap' || true
 | RC=0
2026-05-17T08:50:25 | CMD: ssh ubuntu@10.0.10.3 
echo '[HOSTNAME]'; hostname
echo '[OVS]'; sudo ovs-vsctl show
echo '[QEMU]'; pgrep -af qemu || true
echo '[IP IMPORTANTES]'; ip -br addr | egrep 'ens3|ens4|br-int|gw_vlan|tap' || true
 | RC=0
2026-05-17T09:01:19 | CMD: ssh ubuntu@10.0.10.1 
echo '[HOSTNAME]'; hostname
echo '[OVS]'; sudo ovs-vsctl show
echo '[QEMU]'; pgrep -af qemu || true
echo '[IP IMPORTANTES]'; ip -br addr | egrep 'ens3|ens4|br-int|gw_vlan|tap' || true
 | RC=0
2026-05-17T09:01:20 | CMD: ssh ubuntu@10.0.10.2 
echo '[HOSTNAME]'; hostname
echo '[OVS]'; sudo ovs-vsctl show
echo '[QEMU]'; pgrep -af qemu || true
echo '[IP IMPORTANTES]'; ip -br addr | egrep 'ens3|ens4|br-int|gw_vlan|tap' || true
 | RC=0
2026-05-17T09:01:21 | CMD: ssh ubuntu@10.0.10.3 
echo '[HOSTNAME]'; hostname
echo '[OVS]'; sudo ovs-vsctl show
echo '[QEMU]'; pgrep -af qemu || true
echo '[IP IMPORTANTES]'; ip -br addr | egrep 'ens3|ens4|br-int|gw_vlan|tap' || true
 | RC=0
2026-05-17T09:15:47 | CMD: ssh ubuntu@10.0.10.1 
echo '[HOSTNAME]'; hostname
echo '[OVS]'; sudo ovs-vsctl show
echo '[QEMU]'; pgrep -af qemu || true
echo '[IP IMPORTANTES]'; ip -br addr | egrep 'ens3|ens4|br-int|gw_vlan|tap' || true
 | RC=0
2026-05-17T09:15:48 | CMD: ssh ubuntu@10.0.10.2 
echo '[HOSTNAME]'; hostname
echo '[OVS]'; sudo ovs-vsctl show
echo '[QEMU]'; pgrep -af qemu || true
echo '[IP IMPORTANTES]'; ip -br addr | egrep 'ens3|ens4|br-int|gw_vlan|tap' || true
 | RC=0
2026-05-17T09:15:49 | CMD: ssh ubuntu@10.0.10.3 
echo '[HOSTNAME]'; hostname
echo '[OVS]'; sudo ovs-vsctl show
echo '[QEMU]'; pgrep -af qemu || true
echo '[IP IMPORTANTES]'; ip -br addr | egrep 'ens3|ens4|br-int|gw_vlan|tap' || true
 | RC=0
2026-05-17T09:29:48 | CMD: ssh ubuntu@10.0.10.1 
echo '[HOSTNAME]'; hostname
echo '[OVS]'; sudo ovs-vsctl show
echo '[QEMU]'; pgrep -af qemu || true
echo '[IP IMPORTANTES]'; ip -br addr | egrep 'ens3|ens4|br-int|gw_vlan|tap' || true
 | RC=0
2026-05-17T09:29:49 | CMD: ssh ubuntu@10.0.10.2 
echo '[HOSTNAME]'; hostname
echo '[OVS]'; sudo ovs-vsctl show
echo '[QEMU]'; pgrep -af qemu || true
echo '[IP IMPORTANTES]'; ip -br addr | egrep 'ens3|ens4|br-int|gw_vlan|tap' || true
 | RC=0
2026-05-17T09:29:50 | CMD: ssh ubuntu@10.0.10.3 
echo '[HOSTNAME]'; hostname
echo '[OVS]'; sudo ovs-vsctl show
echo '[QEMU]'; pgrep -af qemu || true
echo '[IP IMPORTANTES]'; ip -br addr | egrep 'ens3|ens4|br-int|gw_vlan|tap' || true
 | RC=0
2026-05-17T10:08:28 | CMD: ssh ubuntu@10.0.10.1 
echo '[HOSTNAME]'; hostname
echo '[OVS]'; sudo ovs-vsctl show
echo '[QEMU]'; pgrep -af qemu || true
echo '[IP IMPORTANTES]'; ip -br addr | egrep 'ens3|ens4|br-int|gw_vlan|tap' || true
 | RC=0
2026-05-17T10:08:29 | CMD: ssh ubuntu@10.0.10.2 
echo '[HOSTNAME]'; hostname
echo '[OVS]'; sudo ovs-vsctl show
echo '[QEMU]'; pgrep -af qemu || true
echo '[IP IMPORTANTES]'; ip -br addr | egrep 'ens3|ens4|br-int|gw_vlan|tap' || true
 | RC=0
2026-05-17T10:08:30 | CMD: ssh ubuntu@10.0.10.3 
echo '[HOSTNAME]'; hostname
echo '[OVS]'; sudo ovs-vsctl show
echo '[QEMU]'; pgrep -af qemu || true
echo '[IP IMPORTANTES]'; ip -br addr | egrep 'ens3|ens4|br-int|gw_vlan|tap' || true
 | RC=0
2026-05-17T10:20:58 | CMD: ssh ubuntu@10.0.10.1 
echo '[HOSTNAME]'; hostname
echo '[OVS]'; sudo ovs-vsctl show
echo '[QEMU]'; pgrep -af qemu || true
echo '[IP IMPORTANTES]'; ip -br addr | egrep 'ens3|ens4|br-int|gw_vlan|tap' || true
 | RC=0
2026-05-17T10:20:58 | CMD: ssh ubuntu@10.0.10.2 
echo '[HOSTNAME]'; hostname
echo '[OVS]'; sudo ovs-vsctl show
echo '[QEMU]'; pgrep -af qemu || true
echo '[IP IMPORTANTES]'; ip -br addr | egrep 'ens3|ens4|br-int|gw_vlan|tap' || true
 | RC=0
2026-05-17T10:20:59 | CMD: ssh ubuntu@10.0.10.3 
echo '[HOSTNAME]'; hostname
echo '[OVS]'; sudo ovs-vsctl show
echo '[QEMU]'; pgrep -af qemu || true
echo '[IP IMPORTANTES]'; ip -br addr | egrep 'ens3|ens4|br-int|gw_vlan|tap' || true
 | RC=0
2026-05-17T10:45:38 | CMD: ssh ubuntu@10.0.10.1 
echo '[HOSTNAME]'; hostname
echo '[OVS]'; sudo ovs-vsctl show
echo '[QEMU]'; pgrep -af qemu || true
echo '[IP IMPORTANTES]'; ip -br addr | egrep 'ens3|ens4|br-int|gw_vlan|tap' || true
 | RC=0
2026-05-17T10:45:38 | CMD: ssh ubuntu@10.0.10.2 
echo '[HOSTNAME]'; hostname
echo '[OVS]'; sudo ovs-vsctl show
echo '[QEMU]'; pgrep -af qemu || true
echo '[IP IMPORTANTES]'; ip -br addr | egrep 'ens3|ens4|br-int|gw_vlan|tap' || true
 | RC=0
2026-05-17T10:45:39 | CMD: ssh ubuntu@10.0.10.3 
echo '[HOSTNAME]'; hostname
echo '[OVS]'; sudo ovs-vsctl show
echo '[QEMU]'; pgrep -af qemu || true
echo '[IP IMPORTANTES]'; ip -br addr | egrep 'ens3|ens4|br-int|gw_vlan|tap' || true
 | RC=0
2026-05-17T22:19:33 | CMD: ssh ubuntu@10.0.10.1 
echo '[HOSTNAME]'; hostname
echo '[OVS]'; sudo ovs-vsctl show
echo '[QEMU]'; pgrep -af qemu || true
echo '[IP IMPORTANTES]'; ip -br addr | egrep 'ens3|ens4|br-int|gw_vlan|tap' || true
 | RC=0
2026-05-17T22:19:34 | CMD: ssh ubuntu@10.0.10.2 
echo '[HOSTNAME]'; hostname
echo '[OVS]'; sudo ovs-vsctl show
echo '[QEMU]'; pgrep -af qemu || true
echo '[IP IMPORTANTES]'; ip -br addr | egrep 'ens3|ens4|br-int|gw_vlan|tap' || true
 | RC=0
2026-05-17T22:19:35 | CMD: ssh ubuntu@10.0.10.3 
echo '[HOSTNAME]'; hostname
echo '[OVS]'; sudo ovs-vsctl show
echo '[QEMU]'; pgrep -af qemu || true
echo '[IP IMPORTANTES]'; ip -br addr | egrep 'ens3|ens4|br-int|gw_vlan|tap' || true
 | RC=0
2026-05-17T22:42:28 | CMD: ssh ubuntu@10.0.10.1 
echo '[HOSTNAME]'; hostname
echo '[OVS]'; sudo ovs-vsctl show
echo '[QEMU]'; pgrep -af qemu || true
echo '[IP IMPORTANTES]'; ip -br addr | egrep 'ens3|ens4|br-int|gw_vlan|tap' || true
 | RC=0
2026-05-17T22:42:29 | CMD: ssh ubuntu@10.0.10.2 
echo '[HOSTNAME]'; hostname
echo '[OVS]'; sudo ovs-vsctl show
echo '[QEMU]'; pgrep -af qemu || true
echo '[IP IMPORTANTES]'; ip -br addr | egrep 'ens3|ens4|br-int|gw_vlan|tap' || true
 | RC=0
2026-05-17T22:42:30 | CMD: ssh ubuntu@10.0.10.3 
echo '[HOSTNAME]'; hostname
echo '[OVS]'; sudo ovs-vsctl show
echo '[QEMU]'; pgrep -af qemu || true
echo '[IP IMPORTANTES]'; ip -br addr | egrep 'ens3|ens4|br-int|gw_vlan|tap' || true
 | RC=0
2026-05-17T22:45:36 | CMD: ssh ubuntu@10.0.10.1 
echo '[HOSTNAME]'; hostname
echo '[OVS]'; sudo ovs-vsctl show
echo '[QEMU]'; pgrep -af qemu || true
echo '[IP IMPORTANTES]'; ip -br addr | egrep 'ens3|ens4|br-int|gw_vlan|tap' || true
 | RC=0
2026-05-17T22:45:37 | CMD: ssh ubuntu@10.0.10.2 
echo '[HOSTNAME]'; hostname
echo '[OVS]'; sudo ovs-vsctl show
echo '[QEMU]'; pgrep -af qemu || true
echo '[IP IMPORTANTES]'; ip -br addr | egrep 'ens3|ens4|br-int|gw_vlan|tap' || true
 | RC=0
2026-05-17T22:45:38 | CMD: ssh ubuntu@10.0.10.3 
echo '[HOSTNAME]'; hostname
echo '[OVS]'; sudo ovs-vsctl show
echo '[QEMU]'; pgrep -af qemu || true
echo '[IP IMPORTANTES]'; ip -br addr | egrep 'ens3|ens4|br-int|gw_vlan|tap' || true
 | RC=0
2026-05-17T22:47:55 | CMD: ssh ubuntu@10.0.10.1 
echo '[HOSTNAME]'; hostname
echo '[OVS]'; sudo ovs-vsctl show
echo '[QEMU]'; pgrep -af qemu || true
echo '[IP IMPORTANTES]'; ip -br addr | egrep 'ens3|ens4|br-int|gw_vlan|tap' || true
 | RC=0
2026-05-17T22:47:56 | CMD: ssh ubuntu@10.0.10.2 
echo '[HOSTNAME]'; hostname
echo '[OVS]'; sudo ovs-vsctl show
echo '[QEMU]'; pgrep -af qemu || true
echo '[IP IMPORTANTES]'; ip -br addr | egrep 'ens3|ens4|br-int|gw_vlan|tap' || true
 | RC=0
2026-05-17T22:47:57 | CMD: ssh ubuntu@10.0.10.3 
echo '[HOSTNAME]'; hostname
echo '[OVS]'; sudo ovs-vsctl show
echo '[QEMU]'; pgrep -af qemu || true
echo '[IP IMPORTANTES]'; ip -br addr | egrep 'ens3|ens4|br-int|gw_vlan|tap' || true
 | RC=0
2026-05-17T22:51:23 | CMD: ssh ubuntu@10.0.10.1 
echo '[HOSTNAME]'; hostname
echo '[OVS]'; sudo ovs-vsctl show
echo '[QEMU]'; pgrep -af qemu || true
echo '[IP IMPORTANTES]'; ip -br addr | egrep 'ens3|ens4|br-int|gw_vlan|tap' || true
 | RC=0
2026-05-17T22:51:24 | CMD: ssh ubuntu@10.0.10.2 
echo '[HOSTNAME]'; hostname
echo '[OVS]'; sudo ovs-vsctl show
echo '[QEMU]'; pgrep -af qemu || true
echo '[IP IMPORTANTES]'; ip -br addr | egrep 'ens3|ens4|br-int|gw_vlan|tap' || true
 | RC=0
2026-05-17T22:51:25 | CMD: ssh ubuntu@10.0.10.3 
echo '[HOSTNAME]'; hostname
echo '[OVS]'; sudo ovs-vsctl show
echo '[QEMU]'; pgrep -af qemu || true
echo '[IP IMPORTANTES]'; ip -br addr | egrep 'ens3|ens4|br-int|gw_vlan|tap' || true
 | RC=0
2026-05-18T01:15:39 | CMD: ssh ubuntu@10.0.10.1 
echo '[HOSTNAME]'; hostname
echo '[OVS]'; sudo ovs-vsctl show
echo '[QEMU]'; pgrep -af qemu || true
echo '[IP IMPORTANTES]'; ip -br addr | egrep 'ens3|ens4|br-int|gw_vlan|tap' || true
 | RC=0
2026-05-18T01:15:40 | CMD: ssh ubuntu@10.0.10.2 
echo '[HOSTNAME]'; hostname
echo '[OVS]'; sudo ovs-vsctl show
echo '[QEMU]'; pgrep -af qemu || true
echo '[IP IMPORTANTES]'; ip -br addr | egrep 'ens3|ens4|br-int|gw_vlan|tap' || true
 | RC=0
2026-05-18T01:15:41 | CMD: ssh ubuntu@10.0.10.3 
echo '[HOSTNAME]'; hostname
echo '[OVS]'; sudo ovs-vsctl show
echo '[QEMU]'; pgrep -af qemu || true
echo '[IP IMPORTANTES]'; ip -br addr | egrep 'ens3|ens4|br-int|gw_vlan|tap' || true
 | RC=0
2026-05-18T01:21:27 | CMD: ssh ubuntu@10.0.10.1 
echo '[HOSTNAME]'; hostname
echo '[OVS]'; sudo ovs-vsctl show
echo '[QEMU]'; pgrep -af qemu || true
echo '[IP IMPORTANTES]'; ip -br addr | egrep 'ens3|ens4|br-int|gw_vlan|tap' || true
 | RC=0
2026-05-18T01:21:28 | CMD: ssh ubuntu@10.0.10.2 
echo '[HOSTNAME]'; hostname
echo '[OVS]'; sudo ovs-vsctl show
echo '[QEMU]'; pgrep -af qemu || true
echo '[IP IMPORTANTES]'; ip -br addr | egrep 'ens3|ens4|br-int|gw_vlan|tap' || true
 | RC=0
2026-05-18T01:21:28 | CMD: ssh ubuntu@10.0.10.3 
echo '[HOSTNAME]'; hostname
echo '[OVS]'; sudo ovs-vsctl show
echo '[QEMU]'; pgrep -af qemu || true
echo '[IP IMPORTANTES]'; ip -br addr | egrep 'ens3|ens4|br-int|gw_vlan|tap' || true
 | RC=0
2026-05-18T01:23:59 | CMD: ssh ubuntu@10.0.10.1 
echo '[HOSTNAME]'; hostname
echo '[OVS]'; sudo ovs-vsctl show
echo '[QEMU]'; pgrep -af qemu || true
echo '[IP IMPORTANTES]'; ip -br addr | egrep 'ens3|ens4|br-int|gw_vlan|tap' || true
 | RC=0
2026-05-18T01:24:00 | CMD: ssh ubuntu@10.0.10.2 
echo '[HOSTNAME]'; hostname
echo '[OVS]'; sudo ovs-vsctl show
echo '[QEMU]'; pgrep -af qemu || true
echo '[IP IMPORTANTES]'; ip -br addr | egrep 'ens3|ens4|br-int|gw_vlan|tap' || true
 | RC=0
2026-05-18T01:24:01 | CMD: ssh ubuntu@10.0.10.3 
echo '[HOSTNAME]'; hostname
echo '[OVS]'; sudo ovs-vsctl show
echo '[QEMU]'; pgrep -af qemu || true
echo '[IP IMPORTANTES]'; ip -br addr | egrep 'ens3|ens4|br-int|gw_vlan|tap' || true
 | RC=0
2026-05-18T01:24:19 | CMD: ssh ubuntu@10.0.10.1 
echo '[HOSTNAME]'; hostname
echo '[OVS]'; sudo ovs-vsctl show
echo '[QEMU]'; pgrep -af qemu || true
echo '[IP IMPORTANTES]'; ip -br addr | egrep 'ens3|ens4|br-int|gw_vlan|tap' || true
 | RC=0
2026-05-18T01:24:20 | CMD: ssh ubuntu@10.0.10.2 
echo '[HOSTNAME]'; hostname
echo '[OVS]'; sudo ovs-vsctl show
echo '[QEMU]'; pgrep -af qemu || true
echo '[IP IMPORTANTES]'; ip -br addr | egrep 'ens3|ens4|br-int|gw_vlan|tap' || true
 | RC=0
2026-05-18T01:24:20 | CMD: ssh ubuntu@10.0.10.3 
echo '[HOSTNAME]'; hostname
echo '[OVS]'; sudo ovs-vsctl show
echo '[QEMU]'; pgrep -af qemu || true
echo '[IP IMPORTANTES]'; ip -br addr | egrep 'ens3|ens4|br-int|gw_vlan|tap' || true
 | RC=0
2026-05-18T01:26:35 | CMD: ssh ubuntu@10.0.10.1 
echo '[HOSTNAME]'; hostname
echo '[OVS]'; sudo ovs-vsctl show
echo '[QEMU]'; pgrep -af qemu || true
echo '[IP IMPORTANTES]'; ip -br addr | egrep 'ens3|ens4|br-int|gw_vlan|tap' || true
 | RC=0
2026-05-18T01:26:35 | CMD: ssh ubuntu@10.0.10.2 
echo '[HOSTNAME]'; hostname
echo '[OVS]'; sudo ovs-vsctl show
echo '[QEMU]'; pgrep -af qemu || true
echo '[IP IMPORTANTES]'; ip -br addr | egrep 'ens3|ens4|br-int|gw_vlan|tap' || true
 | RC=0
2026-05-18T01:26:36 | CMD: ssh ubuntu@10.0.10.3 
echo '[HOSTNAME]'; hostname
echo '[OVS]'; sudo ovs-vsctl show
echo '[QEMU]'; pgrep -af qemu || true
echo '[IP IMPORTANTES]'; ip -br addr | egrep 'ens3|ens4|br-int|gw_vlan|tap' || true
 | RC=0
2026-05-18T01:27:54 | CMD: ssh ubuntu@10.0.10.1 
echo '[HOSTNAME]'; hostname
echo '[OVS]'; sudo ovs-vsctl show
echo '[QEMU]'; pgrep -af qemu || true
echo '[IP IMPORTANTES]'; ip -br addr | egrep 'ens3|ens4|br-int|gw_vlan|tap' || true
 | RC=0
2026-05-18T01:27:55 | CMD: ssh ubuntu@10.0.10.2 
echo '[HOSTNAME]'; hostname
echo '[OVS]'; sudo ovs-vsctl show
echo '[QEMU]'; pgrep -af qemu || true
echo '[IP IMPORTANTES]'; ip -br addr | egrep 'ens3|ens4|br-int|gw_vlan|tap' || true
 | RC=0
2026-05-18T01:27:56 | CMD: ssh ubuntu@10.0.10.3 
echo '[HOSTNAME]'; hostname
echo '[OVS]'; sudo ovs-vsctl show
echo '[QEMU]'; pgrep -af qemu || true
echo '[IP IMPORTANTES]'; ip -br addr | egrep 'ens3|ens4|br-int|gw_vlan|tap' || true
 | RC=0
2026-05-18T01:35:03 | CMD: ssh ubuntu@10.0.10.1 
echo '[HOSTNAME]'; hostname
echo '[OVS]'; sudo ovs-vsctl show
echo '[QEMU]'; pgrep -af qemu || true
echo '[IP IMPORTANTES]'; ip -br addr | egrep 'ens3|ens4|br-int|gw_vlan|tap' || true
 | RC=0
2026-05-18T01:35:03 | CMD: ssh ubuntu@10.0.10.2 
echo '[HOSTNAME]'; hostname
echo '[OVS]'; sudo ovs-vsctl show
echo '[QEMU]'; pgrep -af qemu || true
echo '[IP IMPORTANTES]'; ip -br addr | egrep 'ens3|ens4|br-int|gw_vlan|tap' || true
 | RC=0
2026-05-18T01:35:04 | CMD: ssh ubuntu@10.0.10.3 
echo '[HOSTNAME]'; hostname
echo '[OVS]'; sudo ovs-vsctl show
echo '[QEMU]'; pgrep -af qemu || true
echo '[IP IMPORTANTES]'; ip -br addr | egrep 'ens3|ens4|br-int|gw_vlan|tap' || true
 | RC=0
2026-05-18T02:04:15 | CMD: ssh ubuntu@10.0.10.1 
echo '[HOSTNAME]'; hostname
echo '[OVS]'; sudo ovs-vsctl show
echo '[QEMU]'; pgrep -af qemu || true
echo '[IP IMPORTANTES]'; ip -br addr | egrep 'ens3|ens4|br-int|gw_vlan|tap' || true
 | RC=0
2026-05-18T02:04:16 | CMD: ssh ubuntu@10.0.10.2 
echo '[HOSTNAME]'; hostname
echo '[OVS]'; sudo ovs-vsctl show
echo '[QEMU]'; pgrep -af qemu || true
echo '[IP IMPORTANTES]'; ip -br addr | egrep 'ens3|ens4|br-int|gw_vlan|tap' || true
 | RC=0
2026-05-18T02:04:17 | CMD: ssh ubuntu@10.0.10.3 
echo '[HOSTNAME]'; hostname
echo '[OVS]'; sudo ovs-vsctl show
echo '[QEMU]'; pgrep -af qemu || true
echo '[IP IMPORTANTES]'; ip -br addr | egrep 'ens3|ens4|br-int|gw_vlan|tap' || true
 | RC=0
2026-05-18T02:06:16 | CMD: ssh ubuntu@10.0.10.1 
echo '[HOSTNAME]'; hostname
echo '[OVS]'; sudo ovs-vsctl show
echo '[QEMU]'; pgrep -af qemu || true
echo '[IP IMPORTANTES]'; ip -br addr | egrep 'ens3|ens4|br-int|gw_vlan|tap' || true
 | RC=0
2026-05-18T02:06:18 | CMD: ssh ubuntu@10.0.10.2 
echo '[HOSTNAME]'; hostname
echo '[OVS]'; sudo ovs-vsctl show
echo '[QEMU]'; pgrep -af qemu || true
echo '[IP IMPORTANTES]'; ip -br addr | egrep 'ens3|ens4|br-int|gw_vlan|tap' || true
 | RC=0
2026-05-18T02:06:19 | CMD: ssh ubuntu@10.0.10.3 
echo '[HOSTNAME]'; hostname
echo '[OVS]'; sudo ovs-vsctl show
echo '[QEMU]'; pgrep -af qemu || true
echo '[IP IMPORTANTES]'; ip -br addr | egrep 'ens3|ens4|br-int|gw_vlan|tap' || true
 | RC=0
2026-05-18T02:08:00 | CMD: ssh ubuntu@10.0.10.1 
echo '[HOSTNAME]'; hostname
echo '[OVS]'; sudo ovs-vsctl show
echo '[QEMU]'; pgrep -af qemu || true
echo '[IP IMPORTANTES]'; ip -br addr | egrep 'ens3|ens4|br-int|gw_vlan|tap' || true
 | RC=0
2026-05-18T02:08:01 | CMD: ssh ubuntu@10.0.10.2 
echo '[HOSTNAME]'; hostname
echo '[OVS]'; sudo ovs-vsctl show
echo '[QEMU]'; pgrep -af qemu || true
echo '[IP IMPORTANTES]'; ip -br addr | egrep 'ens3|ens4|br-int|gw_vlan|tap' || true
 | RC=0
2026-05-18T02:08:01 | CMD: ssh ubuntu@10.0.10.3 
echo '[HOSTNAME]'; hostname
echo '[OVS]'; sudo ovs-vsctl show
echo '[QEMU]'; pgrep -af qemu || true
echo '[IP IMPORTANTES]'; ip -br addr | egrep 'ens3|ens4|br-int|gw_vlan|tap' || true
 | RC=0
2026-05-18T02:09:39 | CMD: ssh ubuntu@10.0.10.1 
echo '[HOSTNAME]'; hostname
echo '[OVS]'; sudo ovs-vsctl show
echo '[QEMU]'; pgrep -af qemu || true
echo '[IP IMPORTANTES]'; ip -br addr | egrep 'ens3|ens4|br-int|gw_vlan|tap' || true
 | RC=0
2026-05-18T02:09:39 | CMD: ssh ubuntu@10.0.10.2 
echo '[HOSTNAME]'; hostname
echo '[OVS]'; sudo ovs-vsctl show
echo '[QEMU]'; pgrep -af qemu || true
echo '[IP IMPORTANTES]'; ip -br addr | egrep 'ens3|ens4|br-int|gw_vlan|tap' || true
 | RC=0
2026-05-18T02:09:40 | CMD: ssh ubuntu@10.0.10.3 
echo '[HOSTNAME]'; hostname
echo '[OVS]'; sudo ovs-vsctl show
echo '[QEMU]'; pgrep -af qemu || true
echo '[IP IMPORTANTES]'; ip -br addr | egrep 'ens3|ens4|br-int|gw_vlan|tap' || true
 | RC=0
2026-05-18T02:10:31 | CMD: ssh ubuntu@10.0.10.1 
echo '[HOSTNAME]'; hostname
echo '[OVS]'; sudo ovs-vsctl show
echo '[QEMU]'; pgrep -af qemu || true
echo '[IP IMPORTANTES]'; ip -br addr | egrep 'ens3|ens4|br-int|gw_vlan|tap' || true
 | RC=0
2026-05-18T02:10:32 | CMD: ssh ubuntu@10.0.10.2 
echo '[HOSTNAME]'; hostname
echo '[OVS]'; sudo ovs-vsctl show
echo '[QEMU]'; pgrep -af qemu || true
echo '[IP IMPORTANTES]'; ip -br addr | egrep 'ens3|ens4|br-int|gw_vlan|tap' || true
 | RC=0
2026-05-18T02:10:33 | CMD: ssh ubuntu@10.0.10.3 
echo '[HOSTNAME]'; hostname
echo '[OVS]'; sudo ovs-vsctl show
echo '[QEMU]'; pgrep -af qemu || true
echo '[IP IMPORTANTES]'; ip -br addr | egrep 'ens3|ens4|br-int|gw_vlan|tap' || true
 | RC=0
2026-05-18T02:49:19 | CMD: ssh ubuntu@10.0.10.1 
echo '[HOSTNAME]'; hostname
echo '[OVS]'; sudo ovs-vsctl show
echo '[QEMU]'; pgrep -af qemu || true
echo '[IP IMPORTANTES]'; ip -br addr | egrep 'ens3|ens4|br-int|gw_vlan|tap' || true
 | RC=0
2026-05-18T02:49:20 | CMD: ssh ubuntu@10.0.10.2 
echo '[HOSTNAME]'; hostname
echo '[OVS]'; sudo ovs-vsctl show
echo '[QEMU]'; pgrep -af qemu || true
echo '[IP IMPORTANTES]'; ip -br addr | egrep 'ens3|ens4|br-int|gw_vlan|tap' || true
 | RC=0
2026-05-18T02:49:21 | CMD: ssh ubuntu@10.0.10.3 
echo '[HOSTNAME]'; hostname
echo '[OVS]'; sudo ovs-vsctl show
echo '[QEMU]'; pgrep -af qemu || true
echo '[IP IMPORTANTES]'; ip -br addr | egrep 'ens3|ens4|br-int|gw_vlan|tap' || true
 | RC=0
2026-05-18T02:58:55 | CMD: ssh ubuntu@10.0.10.1 
echo '[HOSTNAME]'; hostname
echo '[OVS]'; sudo ovs-vsctl show
echo '[QEMU]'; pgrep -af qemu || true
echo '[IP IMPORTANTES]'; ip -br addr | egrep 'ens3|ens4|br-int|gw_vlan|tap' || true
 | RC=0
2026-05-18T02:58:56 | CMD: ssh ubuntu@10.0.10.2 
echo '[HOSTNAME]'; hostname
echo '[OVS]'; sudo ovs-vsctl show
echo '[QEMU]'; pgrep -af qemu || true
echo '[IP IMPORTANTES]'; ip -br addr | egrep 'ens3|ens4|br-int|gw_vlan|tap' || true
 | RC=0
2026-05-18T02:58:57 | CMD: ssh ubuntu@10.0.10.3 
echo '[HOSTNAME]'; hostname
echo '[OVS]'; sudo ovs-vsctl show
echo '[QEMU]'; pgrep -af qemu || true
echo '[IP IMPORTANTES]'; ip -br addr | egrep 'ens3|ens4|br-int|gw_vlan|tap' || true
 | RC=0
2026-05-18T03:26:03 | CMD: ssh ubuntu@10.0.10.1 
echo '[HOSTNAME]'; hostname
echo '[OVS]'; sudo ovs-vsctl show
echo '[QEMU]'; pgrep -af qemu || true
echo '[IP IMPORTANTES]'; ip -br addr | egrep 'ens3|ens4|br-int|gw_vlan|tap' || true
 | RC=0
2026-05-18T03:26:04 | CMD: ssh ubuntu@10.0.10.2 
echo '[HOSTNAME]'; hostname
echo '[OVS]'; sudo ovs-vsctl show
echo '[QEMU]'; pgrep -af qemu || true
echo '[IP IMPORTANTES]'; ip -br addr | egrep 'ens3|ens4|br-int|gw_vlan|tap' || true
 | RC=0
2026-05-18T03:26:05 | CMD: ssh ubuntu@10.0.10.3 
echo '[HOSTNAME]'; hostname
echo '[OVS]'; sudo ovs-vsctl show
echo '[QEMU]'; pgrep -af qemu || true
echo '[IP IMPORTANTES]'; ip -br addr | egrep 'ens3|ens4|br-int|gw_vlan|tap' || true
 | RC=0
2026-05-18T03:57:27 | CMD: ssh ubuntu@10.0.10.1 
echo '[HOSTNAME]'; hostname
echo '[OVS]'; sudo ovs-vsctl show
echo '[QEMU]'; pgrep -af qemu || true
echo '[IP IMPORTANTES]'; ip -br addr | egrep 'ens3|ens4|br-int|gw_vlan|tap' || true
 | RC=0
2026-05-18T03:57:28 | CMD: ssh ubuntu@10.0.10.2 
echo '[HOSTNAME]'; hostname
echo '[OVS]'; sudo ovs-vsctl show
echo '[QEMU]'; pgrep -af qemu || true
echo '[IP IMPORTANTES]'; ip -br addr | egrep 'ens3|ens4|br-int|gw_vlan|tap' || true
 | RC=0
2026-05-18T03:57:29 | CMD: ssh ubuntu@10.0.10.3 
echo '[HOSTNAME]'; hostname
echo '[OVS]'; sudo ovs-vsctl show
echo '[QEMU]'; pgrep -af qemu || true
echo '[IP IMPORTANTES]'; ip -br addr | egrep 'ens3|ens4|br-int|gw_vlan|tap' || true
 | RC=0
2026-05-18T04:05:30 | CMD: ssh ubuntu@10.0.10.1 
echo '[HOSTNAME]'; hostname
echo '[OVS]'; sudo ovs-vsctl show
echo '[QEMU]'; pgrep -af qemu || true
echo '[IP IMPORTANTES]'; ip -br addr | egrep 'ens3|ens4|br-int|gw_vlan|tap' || true
 | RC=0
2026-05-18T04:05:31 | CMD: ssh ubuntu@10.0.10.2 
echo '[HOSTNAME]'; hostname
echo '[OVS]'; sudo ovs-vsctl show
echo '[QEMU]'; pgrep -af qemu || true
echo '[IP IMPORTANTES]'; ip -br addr | egrep 'ens3|ens4|br-int|gw_vlan|tap' || true
 | RC=0
2026-05-18T04:05:32 | CMD: ssh ubuntu@10.0.10.3 
echo '[HOSTNAME]'; hostname
echo '[OVS]'; sudo ovs-vsctl show
echo '[QEMU]'; pgrep -af qemu || true
echo '[IP IMPORTANTES]'; ip -br addr | egrep 'ens3|ens4|br-int|gw_vlan|tap' || true
 | RC=0
2026-05-18T04:33:24 | CMD: ssh ubuntu@10.0.10.1 
echo '[HOSTNAME]'; hostname
echo '[OVS]'; sudo ovs-vsctl show
echo '[QEMU]'; pgrep -af qemu || true
echo '[IP IMPORTANTES]'; ip -br addr | egrep 'ens3|ens4|br-int|gw_vlan|tap' || true
 | RC=0
2026-05-18T04:33:25 | CMD: ssh ubuntu@10.0.10.2 
echo '[HOSTNAME]'; hostname
echo '[OVS]'; sudo ovs-vsctl show
echo '[QEMU]'; pgrep -af qemu || true
echo '[IP IMPORTANTES]'; ip -br addr | egrep 'ens3|ens4|br-int|gw_vlan|tap' || true
 | RC=0
2026-05-18T04:33:27 | CMD: ssh ubuntu@10.0.10.3 
echo '[HOSTNAME]'; hostname
echo '[OVS]'; sudo ovs-vsctl show
echo '[QEMU]'; pgrep -af qemu || true
echo '[IP IMPORTANTES]'; ip -br addr | egrep 'ens3|ens4|br-int|gw_vlan|tap' || true
 | RC=0
2026-05-18T05:17:04 | CMD: ssh ubuntu@10.0.10.1 
echo '[HOSTNAME]'; hostname
echo '[OVS]'; sudo ovs-vsctl show
echo '[QEMU]'; pgrep -af qemu || true
echo '[IP IMPORTANTES]'; ip -br addr | egrep 'ens3|ens4|br-int|gw_vlan|tap' || true
 | RC=0
2026-05-18T05:17:05 | CMD: ssh ubuntu@10.0.10.2 
echo '[HOSTNAME]'; hostname
echo '[OVS]'; sudo ovs-vsctl show
echo '[QEMU]'; pgrep -af qemu || true
echo '[IP IMPORTANTES]'; ip -br addr | egrep 'ens3|ens4|br-int|gw_vlan|tap' || true
 | RC=0
2026-05-18T05:17:06 | CMD: ssh ubuntu@10.0.10.3 
echo '[HOSTNAME]'; hostname
echo '[OVS]'; sudo ovs-vsctl show
echo '[QEMU]'; pgrep -af qemu || true
echo '[IP IMPORTANTES]'; ip -br addr | egrep 'ens3|ens4|br-int|gw_vlan|tap' || true
 | RC=0
2026-05-18T06:01:58 | CMD: ssh ubuntu@10.0.10.1 
echo '[HOSTNAME]'; hostname
echo '[OVS]'; sudo ovs-vsctl show
echo '[QEMU]'; pgrep -af qemu || true
echo '[IP IMPORTANTES]'; ip -br addr | egrep 'ens3|ens4|br-int|gw_vlan|tap' || true
 | RC=0
2026-05-18T06:02:00 | CMD: ssh ubuntu@10.0.10.2 
echo '[HOSTNAME]'; hostname
echo '[OVS]'; sudo ovs-vsctl show
echo '[QEMU]'; pgrep -af qemu || true
echo '[IP IMPORTANTES]'; ip -br addr | egrep 'ens3|ens4|br-int|gw_vlan|tap' || true
 | RC=0
2026-05-18T06:02:01 | CMD: ssh ubuntu@10.0.10.3 
echo '[HOSTNAME]'; hostname
echo '[OVS]'; sudo ovs-vsctl show
echo '[QEMU]'; pgrep -af qemu || true
echo '[IP IMPORTANTES]'; ip -br addr | egrep 'ens3|ens4|br-int|gw_vlan|tap' || true
 | RC=0
2026-05-18T06:03:26 | CMD: ssh ubuntu@10.0.10.1 
echo '[HOSTNAME]'; hostname
echo '[OVS]'; sudo ovs-vsctl show
echo '[QEMU]'; pgrep -af qemu || true
echo '[IP IMPORTANTES]'; ip -br addr | egrep 'ens3|ens4|br-int|gw_vlan|tap' || true
 | RC=0
2026-05-18T06:03:27 | CMD: ssh ubuntu@10.0.10.2 
echo '[HOSTNAME]'; hostname
echo '[OVS]'; sudo ovs-vsctl show
echo '[QEMU]'; pgrep -af qemu || true
echo '[IP IMPORTANTES]'; ip -br addr | egrep 'ens3|ens4|br-int|gw_vlan|tap' || true
 | RC=0
2026-05-18T06:03:28 | CMD: ssh ubuntu@10.0.10.3 
echo '[HOSTNAME]'; hostname
echo '[OVS]'; sudo ovs-vsctl show
echo '[QEMU]'; pgrep -af qemu || true
echo '[IP IMPORTANTES]'; ip -br addr | egrep 'ens3|ens4|br-int|gw_vlan|tap' || true
 | RC=0
2026-05-18T07:52:19 | CMD: ssh ubuntu@10.0.10.1 
echo '[HOSTNAME]'; hostname
echo '[OVS]'; sudo ovs-vsctl show
echo '[QEMU]'; pgrep -af qemu || true
echo '[IP IMPORTANTES]'; ip -br addr | egrep 'ens3|ens4|br-int|gw_vlan|tap' || true
 | RC=0
2026-05-18T07:52:20 | CMD: ssh ubuntu@10.0.10.2 
echo '[HOSTNAME]'; hostname
echo '[OVS]'; sudo ovs-vsctl show
echo '[QEMU]'; pgrep -af qemu || true
echo '[IP IMPORTANTES]'; ip -br addr | egrep 'ens3|ens4|br-int|gw_vlan|tap' || true
 | RC=0
2026-05-18T07:52:21 | CMD: ssh ubuntu@10.0.10.3 
echo '[HOSTNAME]'; hostname
echo '[OVS]'; sudo ovs-vsctl show
echo '[QEMU]'; pgrep -af qemu || true
echo '[IP IMPORTANTES]'; ip -br addr | egrep 'ens3|ens4|br-int|gw_vlan|tap' || true
 | RC=0
2026-05-18T07:58:31 | CMD: ssh ubuntu@10.0.10.1 
echo '[HOSTNAME]'; hostname
echo '[OVS]'; sudo ovs-vsctl show
echo '[QEMU]'; pgrep -af qemu || true
echo '[IP IMPORTANTES]'; ip -br addr | egrep 'ens3|ens4|br-int|gw_vlan|tap' || true
 | RC=0
2026-05-18T07:58:32 | CMD: ssh ubuntu@10.0.10.2 
echo '[HOSTNAME]'; hostname
echo '[OVS]'; sudo ovs-vsctl show
echo '[QEMU]'; pgrep -af qemu || true
echo '[IP IMPORTANTES]'; ip -br addr | egrep 'ens3|ens4|br-int|gw_vlan|tap' || true
 | RC=0
2026-05-18T07:58:33 | CMD: ssh ubuntu@10.0.10.3 
echo '[HOSTNAME]'; hostname
echo '[OVS]'; sudo ovs-vsctl show
echo '[QEMU]'; pgrep -af qemu || true
echo '[IP IMPORTANTES]'; ip -br addr | egrep 'ens3|ens4|br-int|gw_vlan|tap' || true
 | RC=0
2026-05-18T08:02:54 | CMD: ssh ubuntu@10.0.10.1 
echo '[HOSTNAME]'; hostname
echo '[OVS]'; sudo ovs-vsctl show
echo '[QEMU]'; pgrep -af qemu || true
echo '[IP IMPORTANTES]'; ip -br addr | egrep 'ens3|ens4|br-int|gw_vlan|tap' || true
 | RC=0
2026-05-18T08:02:56 | CMD: ssh ubuntu@10.0.10.2 
echo '[HOSTNAME]'; hostname
echo '[OVS]'; sudo ovs-vsctl show
echo '[QEMU]'; pgrep -af qemu || true
echo '[IP IMPORTANTES]'; ip -br addr | egrep 'ens3|ens4|br-int|gw_vlan|tap' || true
 | RC=0
2026-05-18T08:02:58 | CMD: ssh ubuntu@10.0.10.3 
echo '[HOSTNAME]'; hostname
echo '[OVS]'; sudo ovs-vsctl show
echo '[QEMU]'; pgrep -af qemu || true
echo '[IP IMPORTANTES]'; ip -br addr | egrep 'ens3|ens4|br-int|gw_vlan|tap' || true
 | RC=0
2026-05-18T08:07:18 | CMD: ssh ubuntu@10.0.10.1 
echo '[HOSTNAME]'; hostname
echo '[OVS]'; sudo ovs-vsctl show
echo '[QEMU]'; pgrep -af qemu || true
echo '[IP IMPORTANTES]'; ip -br addr | egrep 'ens3|ens4|br-int|gw_vlan|tap' || true
 | RC=0
2026-05-18T08:07:19 | CMD: ssh ubuntu@10.0.10.2 
echo '[HOSTNAME]'; hostname
echo '[OVS]'; sudo ovs-vsctl show
echo '[QEMU]'; pgrep -af qemu || true
echo '[IP IMPORTANTES]'; ip -br addr | egrep 'ens3|ens4|br-int|gw_vlan|tap' || true
 | RC=0
2026-05-18T08:07:20 | CMD: ssh ubuntu@10.0.10.3 
echo '[HOSTNAME]'; hostname
echo '[OVS]'; sudo ovs-vsctl show
echo '[QEMU]'; pgrep -af qemu || true
echo '[IP IMPORTANTES]'; ip -br addr | egrep 'ens3|ens4|br-int|gw_vlan|tap' || true
 | RC=0
2026-05-18T08:10:40 | CMD: ssh ubuntu@10.0.10.1 
echo '[HOSTNAME]'; hostname
echo '[OVS]'; sudo ovs-vsctl show
echo '[QEMU]'; pgrep -af qemu || true
echo '[IP IMPORTANTES]'; ip -br addr | egrep 'ens3|ens4|br-int|gw_vlan|tap' || true
 | RC=0
2026-05-18T08:10:42 | CMD: ssh ubuntu@10.0.10.2 
echo '[HOSTNAME]'; hostname
echo '[OVS]'; sudo ovs-vsctl show
echo '[QEMU]'; pgrep -af qemu || true
echo '[IP IMPORTANTES]'; ip -br addr | egrep 'ens3|ens4|br-int|gw_vlan|tap' || true
 | RC=0
2026-05-18T08:10:44 | CMD: ssh ubuntu@10.0.10.3 
echo '[HOSTNAME]'; hostname
echo '[OVS]'; sudo ovs-vsctl show
echo '[QEMU]'; pgrep -af qemu || true
echo '[IP IMPORTANTES]'; ip -br addr | egrep 'ens3|ens4|br-int|gw_vlan|tap' || true
 | RC=0
2026-05-18T08:25:52 | CMD: ssh ubuntu@10.0.10.1 
echo '[HOSTNAME]'; hostname
echo '[OVS]'; sudo ovs-vsctl show
echo '[QEMU]'; pgrep -af qemu || true
echo '[IP IMPORTANTES]'; ip -br addr | egrep 'ens3|ens4|br-int|gw_vlan|tap' || true
 | RC=0
2026-05-18T08:25:53 | CMD: ssh ubuntu@10.0.10.2 
echo '[HOSTNAME]'; hostname
echo '[OVS]'; sudo ovs-vsctl show
echo '[QEMU]'; pgrep -af qemu || true
echo '[IP IMPORTANTES]'; ip -br addr | egrep 'ens3|ens4|br-int|gw_vlan|tap' || true
 | RC=0
2026-05-18T08:25:54 | CMD: ssh ubuntu@10.0.10.3 
echo '[HOSTNAME]'; hostname
echo '[OVS]'; sudo ovs-vsctl show
echo '[QEMU]'; pgrep -af qemu || true
echo '[IP IMPORTANTES]'; ip -br addr | egrep 'ens3|ens4|br-int|gw_vlan|tap' || true
 | RC=0
2026-05-18T08:28:29 | CMD: ssh ubuntu@10.0.10.1 
echo '[HOSTNAME]'; hostname
echo '[OVS]'; sudo ovs-vsctl show
echo '[QEMU]'; pgrep -af qemu || true
echo '[IP IMPORTANTES]'; ip -br addr | egrep 'ens3|ens4|br-int|gw_vlan|tap' || true
 | RC=0
2026-05-18T08:28:30 | CMD: ssh ubuntu@10.0.10.2 
echo '[HOSTNAME]'; hostname
echo '[OVS]'; sudo ovs-vsctl show
echo '[QEMU]'; pgrep -af qemu || true
echo '[IP IMPORTANTES]'; ip -br addr | egrep 'ens3|ens4|br-int|gw_vlan|tap' || true
 | RC=0
2026-05-18T08:28:31 | CMD: ssh ubuntu@10.0.10.3 
echo '[HOSTNAME]'; hostname
echo '[OVS]'; sudo ovs-vsctl show
echo '[QEMU]'; pgrep -af qemu || true
echo '[IP IMPORTANTES]'; ip -br addr | egrep 'ens3|ens4|br-int|gw_vlan|tap' || true
 | RC=0
2026-05-18T16:33:16 | CMD: ssh ubuntu@10.0.10.1 
echo '[HOSTNAME]'; hostname
echo '[OVS]'; sudo ovs-vsctl show
echo '[QEMU]'; pgrep -af qemu || true
echo '[IP IMPORTANTES]'; ip -br addr | egrep 'ens3|ens4|br-int|gw_vlan|tap' || true
 | RC=0
2026-05-18T16:33:17 | CMD: ssh ubuntu@10.0.10.2 
echo '[HOSTNAME]'; hostname
echo '[OVS]'; sudo ovs-vsctl show
echo '[QEMU]'; pgrep -af qemu || true
echo '[IP IMPORTANTES]'; ip -br addr | egrep 'ens3|ens4|br-int|gw_vlan|tap' || true
 | RC=0
2026-05-18T16:33:19 | CMD: ssh ubuntu@10.0.10.3 
echo '[HOSTNAME]'; hostname
echo '[OVS]'; sudo ovs-vsctl show
echo '[QEMU]'; pgrep -af qemu || true
echo '[IP IMPORTANTES]'; ip -br addr | egrep 'ens3|ens4|br-int|gw_vlan|tap' || true
 | RC=0
2026-05-18T21:15:59 | CMD: ssh ubuntu@10.0.10.1 
echo '[HOSTNAME]'; hostname
echo '[OVS]'; sudo ovs-vsctl show
echo '[QEMU]'; pgrep -af qemu || true
echo '[IP IMPORTANTES]'; ip -br addr | egrep 'ens3|ens4|br-int|gw_vlan|tap' || true
 | RC=0
2026-05-18T21:16:01 | CMD: ssh ubuntu@10.0.10.2 
echo '[HOSTNAME]'; hostname
echo '[OVS]'; sudo ovs-vsctl show
echo '[QEMU]'; pgrep -af qemu || true
echo '[IP IMPORTANTES]'; ip -br addr | egrep 'ens3|ens4|br-int|gw_vlan|tap' || true
 | RC=0
2026-05-18T21:16:02 | CMD: ssh ubuntu@10.0.10.3 
echo '[HOSTNAME]'; hostname
echo '[OVS]'; sudo ovs-vsctl show
echo '[QEMU]'; pgrep -af qemu || true
echo '[IP IMPORTANTES]'; ip -br addr | egrep 'ens3|ens4|br-int|gw_vlan|tap' || true
 | RC=0
2026-05-18T22:17:56 | CMD: ssh ubuntu@10.0.10.1 
echo '[HOSTNAME]'; hostname
echo '[OVS]'; sudo ovs-vsctl show
echo '[QEMU]'; pgrep -af qemu || true
echo '[IP IMPORTANTES]'; ip -br addr | egrep 'ens3|ens4|br-int|gw_vlan|tap' || true
 | RC=0
2026-05-18T22:17:58 | CMD: ssh ubuntu@10.0.10.2 
echo '[HOSTNAME]'; hostname
echo '[OVS]'; sudo ovs-vsctl show
echo '[QEMU]'; pgrep -af qemu || true
echo '[IP IMPORTANTES]'; ip -br addr | egrep 'ens3|ens4|br-int|gw_vlan|tap' || true
 | RC=0
2026-05-18T22:18:00 | CMD: ssh ubuntu@10.0.10.3 
echo '[HOSTNAME]'; hostname
echo '[OVS]'; sudo ovs-vsctl show
echo '[QEMU]'; pgrep -af qemu || true
echo '[IP IMPORTANTES]'; ip -br addr | egrep 'ens3|ens4|br-int|gw_vlan|tap' || true
 | RC=0
